date;region_code;region_name;lat;long;hospitalized_with_symptoms;intensive_care;total_hospitalized;home_isolation;positive_tests;new_positive_tests;discharged;deceased;total_cases;total_tests;;;;;;;;;;;;
24/02/2020;13;Abruzzo;4.235.122.196;1.339.843.823;0;0;0;0;0;0;0;0;0;5;;;;;;;;;;;;
24/02/2020;17;Basilicata;4.063.947.052;1.580.514.834;0;0;0;0;0;0;0;0;0;0;;;;;;;;;;;;
24/02/2020;4;P.A. Bolzano;4.649.933.453;1.135.662.422;0;0;0;0;0;0;0;0;0;1;;;;;;;;;;;;
24/02/2020;18;Calabria;3.890.597.598;1.659.440.194;0;0;0;0;0;0;0;0;0;1;;;;;;;;;;;;
24/02/2020;15;Campania;4.083.956.555;1.425.084.984;0;0;0;0;0;0;0;0;0;10;;;;;;;;;;;;
24/02/2020;8;Emilia Romagna;4.449.436.681;113.417.208;10;2;12;6;18;18;0;0;18;148;;;;;;;;;;;;
24/02/2020;6;Friuli Venezia Giulia;456.494.354;1.376.813.649;0;0;0;0;0;0;0;0;0;58;;;;;;;;;;;;
24/02/2020;12;Lazio;4.189.277.044;1.248.366.722;1;1;2;0;2;2;1;0;3;124;;;;;;;;;;;;
24/02/2020;7;Liguria;4.441.149.315;89.326.992;0;0;0;0;0;0;0;0;0;1;;;;;;;;;;;;
24/02/2020;3;Lombardia;4.546.679.409;9.190.347.404;76;19;95;71;166;166;0;6;172;1463;;;;;;;;;;;;
24/02/2020;11;Marche;4.361.675.973;135.188.753;0;0;0;0;0;0;0;0;0;16;;;;;;;;;;;;
24/02/2020;14;Molise;4.155.774.754;1.465.916.051;0;0;0;0;0;0;0;0;0;0;;;;;;;;;;;;
24/02/2020;1;Piemonte;450.732.745;7.680.687.483;2;0;2;1;3;3;0;0;3;141;;;;;;;;;;;;
24/02/2020;16;Puglia;4.112.559.576;1.686.736.689;0;0;0;0;0;0;0;0;0;0;;;;;;;;;;;;
24/02/2020;20;Sardegna;3.921.531.192;9.110.616.306;0;0;0;0;0;0;0;0;0;1;;;;;;;;;;;;
24/02/2020;19;Sicilia;3.811.569.725;133.623.567;0;0;0;0;0;0;0;0;0;5;;;;;;;;;;;;
24/02/2020;9;Toscana;4.376.923.077;1.125.588.885;0;0;0;0;0;0;0;0;0;140;;;;;;;;;;;;
24/02/2020;4;P.A. Trento;4.606.893.511;1.112.123.097;0;0;0;0;0;0;0;0;0;3;;;;;;;;;;;;
24/02/2020;10;Umbria;4.310.675.841;1.238.824.698;0;0;0;0;0;0;0;0;0;0;;;;;;;;;;;;
24/02/2020;2;Valle d'Aosta;4.573.750.286;7.320.149.366;0;0;0;0;0;0;0;0;0;7;;;;;;;;;;;;
24/02/2020;5;Veneto;4.543.490.485;1.233.845.213;12;4;16;16;32;32;0;1;33;2200;;;;;;;;;;;;
25/02/2020;13;Abruzzo;4.235.122.196;1.339.843.823;0;0;0;0;0;0;0;0;0;5;;;;;;;;;;;;
25/02/2020;17;Basilicata;4.063.947.052;1.580.514.834;0;0;0;0;0;0;0;0;0;0;;;;;;;;;;;;
25/02/2020;4;P.A. Bolzano;4.649.933.453;1.135.662.422;1;0;1;0;1;1;0;0;1;1;;;;;;;;;;;;
25/02/2020;18;Calabria;3.890.597.598;1.659.440.194;0;0;0;0;0;0;0;0;0;2;;;;;;;;;;;;
25/02/2020;15;Campania;4.083.956.555;1.425.084.984;0;0;0;0;0;0;0;0;0;10;;;;;;;;;;;;
25/02/2020;8;Emilia Romagna;4.449.436.681;113.417.208;15;2;17;9;26;8;0;0;26;391;;;;;;;;;;;;
25/02/2020;6;Friuli Venezia Giulia;456.494.354;1.376.813.649;0;0;0;0;0;0;0;0;0;89;;;;;;;;;;;;
25/02/2020;12;Lazio;4.189.277.044;1.248.366.722;1;1;2;0;2;0;1;0;3;124;;;;;;;;;;;;
25/02/2020;7;Liguria;4.441.149.315;89.326.992;1;0;1;0;1;1;0;0;1;39;;;;;;;;;;;;
25/02/2020;3;Lombardia;4.546.679.409;9.190.347.404;79;25;104;127;231;65;0;9;240;3700;;;;;;;;;;;;
25/02/2020;11;Marche;4.361.675.973;135.188.753;0;0;0;0;0;0;0;0;0;21;;;;;;;;;;;;
25/02/2020;14;Molise;4.155.774.754;1.465.916.051;0;0;0;0;0;0;0;0;0;0;;;;;;;;;;;;
25/02/2020;1;Piemonte;450.732.745;7.680.687.483;2;0;2;1;3;0;0;0;3;141;;;;;;;;;;;;
25/02/2020;16;Puglia;4.112.559.576;1.686.736.689;0;0;0;0;0;0;0;0;0;0;;;;;;;;;;;;
25/02/2020;20;Sardegna;3.921.531.192;9.110.616.306;0;0;0;0;0;0;0;0;0;1;;;;;;;;;;;;
25/02/2020;19;Sicilia;3.811.569.725;133.623.567;1;0;2;2;3;3;0;0;3;5;;;;;;;;;;;;
25/02/2020;9;Toscana;4.376.923.077;1.125.588.885;2;0;2;0;2;2;0;0;2;296;;;;;;;;;;;;
25/02/2020;4;P.A. Trento;4.606.893.511;1.112.123.097;0;0;0;0;0;0;0;0;0;3;;;;;;;;;;;;
25/02/2020;10;Umbria;4.310.675.841;1.238.824.698;0;0;0;0;0;0;0;0;0;8;;;;;;;;;;;;
25/02/2020;2;Valle d'Aosta;4.573.750.286;7.320.149.366;0;0;0;0;0;0;0;0;0;7;;;;;;;;;;;;
25/02/2020;5;Veneto;4.543.490.485;1.233.845.213;12;7;19;23;42;10;0;1;43;3780;;;;;;;;;;;;
26/02/2020;13;Abruzzo;4.235.122.196;1.339.843.823;0;0;0;0;0;0;0;0;0;13;;;;;;;;;;;;
26/02/2020;17;Basilicata;4.063.947.052;1.580.514.834;0;0;0;0;0;0;0;0;0;0;;;;;;;;;;;;
26/02/2020;4;P.A. Bolzano;4.649.933.453;1.135.662.422;1;0;1;0;1;0;0;0;1;1;;;;;;;;;;;;
26/02/2020;18;Calabria;3.890.597.598;1.659.440.194;0;0;0;0;0;0;0;0;0;3;;;;;;;;;;;;
26/02/2020;15;Campania;4.083.956.555;1.425.084.984;0;0;0;0;0;0;0;0;0;10;;;;;;;;;;;;
26/02/2020;8;Emilia Romagna;4.449.436.681;113.417.208;20;3;23;23;46;20;0;1;47;577;;;;;;;;;;;;
26/02/2020;6;Friuli Venezia Giulia;456.494.354;1.376.813.649;0;0;0;0;0;0;0;0;0;114;;;;;;;;;;;;
26/02/2020;12;Lazio;4.189.277.044;1.248.366.722;0;0;0;0;0;-2;3;0;3;124;;;;;;;;;;;;
26/02/2020;7;Liguria;4.441.149.315;89.326.992;6;0;6;5;11;10;0;0;11;66;;;;;;;;;;;;
26/02/2020;3;Lombardia;4.546.679.409;9.190.347.404;79;25;104;145;249;18;0;9;258;3208;;;;;;;;;;;;
26/02/2020;11;Marche;4.361.675.973;135.188.753;1;0;1;0;1;1;0;0;1;28;;;;;;;;;;;;
26/02/2020;14;Molise;4.155.774.754;1.465.916.051;0;0;0;0;0;0;0;0;0;0;;;;;;;;;;;;
26/02/2020;1;Piemonte;450.732.745;7.680.687.483;2;0;2;1;3;0;0;0;3;156;;;;;;;;;;;;
26/02/2020;16;Puglia;4.112.559.576;1.686.736.689;0;0;0;0;0;0;0;0;0;0;;;;;;;;;;;;
26/02/2020;20;Sardegna;3.921.531.192;9.110.616.306;0;0;0;0;0;0;0;0;0;1;;;;;;;;;;;;
26/02/2020;19;Sicilia;3.811.569.725;133.623.567;1;0;1;2;3;0;0;0;3;5;;;;;;;;;;;;
26/02/2020;9;Toscana;4.376.923.077;1.125.588.885;2;0;2;0;2;0;0;0;2;363;;;;;;;;;;;;
26/02/2020;4;P.A. Trento;4.606.893.511;1.112.123.097;0;0;0;0;0;0;0;0;0;3;;;;;;;;;;;;
26/02/2020;10;Umbria;4.310.675.841;1.238.824.698;0;0;0;0;0;0;0;0;0;8;;;;;;;;;;;;
26/02/2020;2;Valle d'Aosta;4.573.750.286;7.320.149.366;0;0;0;0;0;0;0;0;0;7;;;;;;;;;;;;
26/02/2020;5;Veneto;4.543.490.485;1.233.845.213;16;8;24;45;69;27;0;2;71;4900;;;;;;;;;;;;
27/02/2020;13;Abruzzo;4.235.122.196;1.339.843.823;1;0;1;0;1;1;0;0;1;33;;;;;;;;;;;;
27/02/2020;17;Basilicata;4.063.947.052;1.580.514.834;0;0;0;0;0;0;0;0;0;0;;;;;;;;;;;;
27/02/2020;4;P.A. Bolzano;4.649.933.453;1.135.662.422;1;0;1;0;1;0;0;0;1;2;;;;;;;;;;;;
27/02/2020;18;Calabria;3.890.597.598;1.659.440.194;0;0;0;0;0;0;0;0;0;14;;;;;;;;;;;;
27/02/2020;15;Campania;4.083.956.555;1.425.084.984;2;0;2;1;3;3;0;0;3;10;;;;;;;;;;;;
27/02/2020;8;Emilia Romagna;4.449.436.681;113.417.208;36;6;42;54;96;50;0;1;97;1033;;;;;;;;;;;;
27/02/2020;6;Friuli Venezia Giulia;456.494.354;1.376.813.649;0;0;0;0;0;0;0;0;0;141;;;;;;;;;;;;
27/02/2020;12;Lazio;4.189.277.044;1.248.366.722;0;0;0;0;0;0;3;0;3;552;;;;;;;;;;;;
27/02/2020;7;Liguria;4.441.149.315;89.326.992;9;0;9;10;19;8;0;0;19;78;;;;;;;;;;;;
27/02/2020;3;Lombardia;4.546.679.409;9.190.347.404;172;41;213;136;349;100;40;14;403;3320;;;;;;;;;;;;
27/02/2020;11;Marche;4.361.675.973;135.188.753;2;1;3;0;3;2;0;0;3;46;;;;;;;;;;;;
27/02/2020;14;Molise;4.155.774.754;1.465.916.051;0;0;0;0;0;0;0;0;0;0;;;;;;;;;;;;
27/02/2020;1;Piemonte;450.732.745;7.680.687.483;2;0;2;0;2;-1;0;0;2;156;;;;;;;;;;;;
27/02/2020;16;Puglia;4.112.559.576;1.686.736.689;1;0;1;0;1;1;0;0;1;0;;;;;;;;;;;;
27/02/2020;20;Sardegna;3.921.531.192;9.110.616.306;0;0;0;0;0;0;0;0;0;1;;;;;;;;;;;;
27/02/2020;19;Sicilia;3.811.569.725;133.623.567;1;0;1;1;2;-1;2;0;4;5;;;;;;;;;;;;
27/02/2020;9;Toscana;4.376.923.077;1.125.588.885;2;0;2;0;2;0;0;0;2;410;;;;;;;;;;;;
27/02/2020;4;P.A. Trento;4.606.893.511;1.112.123.097;0;0;0;0;0;0;0;0;0;32;;;;;;;;;;;;
27/02/2020;10;Umbria;4.310.675.841;1.238.824.698;0;0;0;0;0;0;0;0;0;8;;;;;;;;;;;;
27/02/2020;2;Valle d'Aosta;4.573.750.286;7.320.149.366;0;0;0;0;0;0;0;0;0;9;;;;;;;;;;;;
27/02/2020;5;Veneto;4.543.490.485;1.233.845.213;19;8;27;82;109;40;0;2;111;6164;;;;;;;;;;;;
28/02/2020;13;Abruzzo;4.235.122.196;1.339.843.823;1;0;1;0;1;0;0;0;1;33;;;;;;;;;;;;
28/02/2020;17;Basilicata;4.063.947.052;1.580.514.834;0;0;0;0;0;0;0;0;0;0;;;;;;;;;;;;
28/02/2020;4;P.A. Bolzano;4.649.933.453;1.135.662.422;1;0;1;0;1;0;0;0;1;2;;;;;;;;;;;;
28/02/2020;18;Calabria;3.890.597.598;1.659.440.194;0;0;0;1;1;1;0;0;1;21;;;;;;;;;;;;
28/02/2020;15;Campania;4.083.956.555;1.425.084.984;2;0;2;2;4;1;0;0;4;213;;;;;;;;;;;;
28/02/2020;8;Emilia Romagna;4.449.436.681;113.417.208;56;6;62;81;143;47;0;2;145;1277;;;;;;;;;;;;
28/02/2020;6;Friuli Venezia Giulia;456.494.354;1.376.813.649;0;0;0;0;0;0;0;0;0;169;;;;;;;;;;;;
28/02/2020;12;Lazio;4.189.277.044;1.248.366.722;0;0;0;0;0;0;3;0;3;611;;;;;;;;;;;;
28/02/2020;7;Liguria;4.441.149.315;89.326.992;9;0;9;10;19;0;0;0;19;112;;;;;;;;;;;;
28/02/2020;3;Lombardia;4.546.679.409;9.190.347.404;235;47;282;192;474;125;40;17;531;4835;;;;;;;;;;;;
28/02/2020;11;Marche;4.361.675.973;135.188.753;3;2;5;1;6;3;0;0;6;47;;;;;;;;;;;;
28/02/2020;14;Molise;4.155.774.754;1.465.916.051;0;0;0;0;0;0;0;0;0;0;;;;;;;;;;;;
28/02/2020;1;Piemonte;450.732.745;7.680.687.483;7;0;7;4;11;9;0;0;11;227;;;;;;;;;;;;
28/02/2020;16;Puglia;4.112.559.576;1.686.736.689;1;0;1;2;3;2;0;0;3;242;;;;;;;;;;;;
28/02/2020;20;Sardegna;3.921.531.192;9.110.616.306;0;0;0;0;0;0;0;0;0;1;;;;;;;;;;;;
28/02/2020;19;Sicilia;3.811.569.725;133.623.567;1;0;1;1;2;0;2;0;4;5;;;;;;;;;;;;
28/02/2020;9;Toscana;4.376.923.077;1.125.588.885;5;0;5;2;7;5;1;0;8;437;;;;;;;;;;;;
28/02/2020;4;P.A. Trento;4.606.893.511;1.112.123.097;0;0;0;0;0;0;0;0;0;32;;;;;;;;;;;;
28/02/2020;10;Umbria;4.310.675.841;1.238.824.698;0;0;0;0;0;0;0;0;0;8;;;;;;;;;;;;
28/02/2020;2;Valle d'Aosta;4.573.750.286;7.320.149.366;0;0;0;0;0;0;0;0;0;9;;;;;;;;;;;;
28/02/2020;5;Veneto;4.543.490.485;1.233.845.213;24;9;33;116;149;40;0;2;151;7414;;;;;;;;;;;;
29/02/2020;13;Abruzzo;4.235.122.196;1.339.843.823;2;0;2;0;2;1;0;0;2;43;;;;;;;;;;;;
29/02/2020;17;Basilicata;4.063.947.052;1.580.514.834;0;0;0;0;0;0;0;0;0;32;;;;;;;;;;;;
29/02/2020;4;P.A. Bolzano;4.649.933.453;1.135.662.422;1;0;1;0;1;0;0;0;1;16;;;;;;;;;;;;
29/02/2020;18;Calabria;3.890.597.598;1.659.440.194;0;0;0;1;1;0;0;0;1;27;;;;;;;;;;;;
29/02/2020;15;Campania;4.083.956.555;1.425.084.984;3;0;3;10;13;9;0;0;13;373;;;;;;;;;;;;
29/02/2020;8;Emilia Romagna;4.449.436.681;113.417.208;86;11;97;116;213;70;0;4;217;1550;;;;;;;;;;;;
29/02/2020;6;Friuli Venezia Giulia;456.494.354;1.376.813.649;0;0;0;0;0;0;0;0;0;189;;;;;;;;;;;;
29/02/2020;12;Lazio;4.189.277.044;1.248.366.722;3;0;3;0;3;3;3;0;6;679;;;;;;;;;;;;
29/02/2020;7;Liguria;4.441.149.315;89.326.992;4;1;5;33;38;19;4;0;42;121;;;;;;;;;;;;
29/02/2020;3;Lombardia;4.546.679.409;9.190.347.404;256;80;336;216;552;78;40;23;615;5723;;;;;;;;;;;;
29/02/2020;11;Marche;4.361.675.973;135.188.753;6;2;8;3;11;5;0;0;11;68;;;;;;;;;;;;
29/02/2020;14;Molise;4.155.774.754;1.465.916.051;0;0;0;0;0;0;0;0;0;0;;;;;;;;;;;;
29/02/2020;1;Piemonte;450.732.745;7.680.687.483;7;0;7;4;11;0;0;0;11;308;;;;;;;;;;;;
29/02/2020;16;Puglia;4.112.559.576;1.686.736.689;1;0;1;2;3;0;0;0;3;252;;;;;;;;;;;;
29/02/2020;20;Sardegna;3.921.531.192;9.110.616.306;0;0;0;0;0;0;0;0;0;1;;;;;;;;;;;;
29/02/2020;19;Sicilia;3.811.569.725;133.623.567;1;0;1;1;2;0;2;0;4;6;;;;;;;;;;;;
29/02/2020;9;Toscana;4.376.923.077;1.125.588.885;7;0;7;3;10;3;1;0;11;531;;;;;;;;;;;;
29/02/2020;4;P.A. Trento;4.606.893.511;1.112.123.097;0;0;0;0;0;0;0;0;0;43;;;;;;;;;;;;
29/02/2020;10;Umbria;4.310.675.841;1.238.824.698;0;0;0;0;0;0;0;0;0;31;;;;;;;;;;;;
29/02/2020;2;Valle d'Aosta;4.573.750.286;7.320.149.366;0;0;0;0;0;0;0;0;0;9;;;;;;;;;;;;
29/02/2020;5;Veneto;4.543.490.485;1.233.845.213;24;11;35;154;189;40;0;2;191;8659;;;;;;;;;;;;
01/03/2020;13;Abruzzo;4.235.122.196;1.339.843.823;3;0;3;2;5;3;0;0;5;52;;;;;;;;;;;;
01/03/2020;17;Basilicata;4.063.947.052;1.580.514.834;0;0;0;0;0;0;0;0;0;39;;;;;;;;;;;;
01/03/2020;4;P.A. Bolzano;4.649.933.453;1.135.662.422;1;0;1;0;1;0;0;0;1;20;;;;;;;;;;;;
01/03/2020;18;Calabria;3.890.597.598;1.659.440.194;0;0;0;1;1;0;0;0;1;35;;;;;;;;;;;;
01/03/2020;15;Campania;4.083.956.555;1.425.084.984;4;0;4;13;17;4;0;0;17;373;;;;;;;;;;;;
01/03/2020;8;Emilia Romagna;4.449.436.681;113.417.208;127;13;140;137;277;64;0;8;285;1795;;;;;;;;;;;;
01/03/2020;6;Friuli Venezia Giulia;456.494.354;1.376.813.649;0;0;0;6;6;6;0;0;6;243;;;;;;;;;;;;
01/03/2020;12;Lazio;4.189.277.044;1.248.366.722;3;0;3;0;3;0;3;0;6;724;;;;;;;;;;;;
01/03/2020;7;Liguria;4.441.149.315;89.326.992;12;1;13;8;21;-17;4;0;25;121;;;;;;;;;;;;
01/03/2020;3;Lombardia;4.546.679.409;9.190.347.404;406;106;512;375;887;335;73;24;984;6879;;;;;;;;;;;;
01/03/2020;11;Marche;4.361.675.973;135.188.753;12;5;17;8;25;14;0;0;25;101;;;;;;;;;;;;
01/03/2020;14;Molise;4.155.774.754;1.465.916.051;0;0;0;0;0;0;0;0;0;6;;;;;;;;;;;;
01/03/2020;1;Piemonte;450.732.745;7.680.687.483;11;2;13;36;49;38;0;0;49;362;;;;;;;;;;;;
01/03/2020;16;Puglia;4.112.559.576;1.686.736.689;1;0;1;2;3;0;0;0;3;262;;;;;;;;;;;;
01/03/2020;20;Sardegna;3.921.531.192;9.110.616.306;0;0;0;0;0;0;0;0;0;29;;;;;;;;;;;;
01/03/2020;19;Sicilia;3.811.569.725;133.623.567;1;0;1;6;7;5;2;0;9;291;;;;;;;;;;;;
01/03/2020;9;Toscana;4.376.923.077;1.125.588.885;7;0;7;5;12;2;1;0;13;572;;;;;;;;;;;;
01/03/2020;4;P.A. Trento;4.606.893.511;1.112.123.097;0;0;0;0;0;0;0;0;0;122;;;;;;;;;;;;
01/03/2020;10;Umbria;4.310.675.841;1.238.824.698;0;0;0;2;2;2;0;0;2;35;;;;;;;;;;;;
01/03/2020;2;Valle d'Aosta;4.573.750.286;7.320.149.366;0;0;0;0;0;0;0;0;0;10;;;;;;;;;;;;
01/03/2020;5;Veneto;4.543.490.485;1.233.845.213;51;13;64;197;261;72;0;2;263;9056;;;;;;;;;;;;
02/03/2020;13;Abruzzo;4.235.122.196;1.339.843.823;3;0;3;2;5;0;0;0;5;52;;;;;;;;;;;;
02/03/2020;17;Basilicata;4.063.947.052;1.580.514.834;0;0;0;0;0;0;0;0;0;39;;;;;;;;;;;;
02/03/2020;4;P.A. Bolzano;4.649.933.453;1.135.662.422;1;0;1;0;1;0;0;0;1;20;;;;;;;;;;;;
02/03/2020;18;Calabria;3.890.597.598;1.659.440.194;0;0;0;1;1;0;0;0;1;39;;;;;;;;;;;;
02/03/2020;15;Campania;4.083.956.555;1.425.084.984;4;0;4;13;17;0;0;0;17;373;;;;;;;;;;;;
02/03/2020;8;Emilia Romagna;4.449.436.681;113.417.208;148;16;164;160;324;47;0;11;335;1973;;;;;;;;;;;;
02/03/2020;6;Friuli Venezia Giulia;456.494.354;1.376.813.649;0;0;0;9;9;3;0;0;9;269;;;;;;;;;;;;
02/03/2020;12;Lazio;4.189.277.044;1.248.366.722;3;0;3;1;4;1;3;0;7;773;;;;;;;;;;;;
02/03/2020;7;Liguria;4.441.149.315;89.326.992;12;1;13;5;18;-3;4;0;22;121;;;;;;;;;;;;
02/03/2020;3;Lombardia;4.546.679.409;9.190.347.404;478;127;605;472;1077;190;139;38;1254;7925;;;;;;;;;;;;
02/03/2020;11;Marche;4.361.675.973;135.188.753;17;6;23;11;34;9;0;1;35;137;;;;;;;;;;;;
02/03/2020;14;Molise;4.155.774.754;1.465.916.051;0;0;0;0;0;0;0;0;0;13;;;;;;;;;;;;
02/03/2020;1;Piemonte;450.732.745;7.680.687.483;12;2;14;37;51;2;0;0;51;434;;;;;;;;;;;;
02/03/2020;16;Puglia;4.112.559.576;1.686.736.689;2;0;2;2;4;1;0;0;4;278;;;;;;;;;;;;
02/03/2020;20;Sardegna;3.921.531.192;9.110.616.306;0;0;0;0;0;0;0;0;0;29;;;;;;;;;;;;
02/03/2020;19;Sicilia;3.811.569.725;133.623.567;2;0;2;3;5;-2;2;0;7;307;;;;;;;;;;;;
02/03/2020;9;Toscana;4.376.923.077;1.125.588.885;7;0;7;5;12;0;1;0;13;613;;;;;;;;;;;;
02/03/2020;4;P.A. Trento;4.606.893.511;1.112.123.097;0;0;0;0;0;0;0;0;0;122;;;;;;;;;;;;
02/03/2020;10;Umbria;4.310.675.841;1.238.824.698;0;0;0;2;2;0;0;0;2;35;;;;;;;;;;;;
02/03/2020;2;Valle d'Aosta;4.573.750.286;7.320.149.366;0;0;0;0;0;0;0;0;0;11;;;;;;;;;;;;
02/03/2020;5;Veneto;4.543.490.485;1.233.845.213;53;14;67;204;271;10;0;2;273;9782;;;;;;;;;;;;
03/03/2020;13;Abruzzo;4.235.122.196;1.339.843.823;5;0;5;1;6;1;0;0;6;52;;;;;;;;;;;;
03/03/2020;17;Basilicata;4.063.947.052;1.580.514.834;0;0;0;1;1;1;0;0;1;42;;;;;;;;;;;;
03/03/2020;4;P.A. Bolzano;4.649.933.453;1.135.662.422;1;0;1;0;1;0;0;0;1;20;;;;;;;;;;;;
03/03/2020;18;Calabria;3.890.597.598;1.659.440.194;0;0;0;1;1;0;0;0;1;39;;;;;;;;;;;;
03/03/2020;15;Campania;4.083.956.555;1.425.084.984;11;0;11;19;30;13;0;0;30;405;;;;;;;;;;;;
03/03/2020;8;Emilia Romagna;4.449.436.681;113.417.208;187;24;211;187;398;74;4;18;420;2012;;;;;;;;;;;;
03/03/2020;6;Friuli Venezia Giulia;456.494.354;1.376.813.649;1;0;1;12;13;4;0;0;13;354;;;;;;;;;;;;
03/03/2020;12;Lazio;4.189.277.044;1.248.366.722;10;0;10;1;11;7;3;0;14;877;;;;;;;;;;;;
03/03/2020;7;Liguria;4.441.149.315;89.326.992;12;2;14;5;19;1;4;1;24;121;;;;;;;;;;;;
03/03/2020;3;Lombardia;4.546.679.409;9.190.347.404;698;167;865;461;1326;249;139;55;1520;9577;;;;;;;;;;;;
03/03/2020;11;Marche;4.361.675.973;135.188.753;27;13;40;19;59;25;0;2;61;200;;;;;;;;;;;;
03/03/2020;14;Molise;4.155.774.754;1.465.916.051;3;0;3;0;3;3;0;0;3;13;;;;;;;;;;;;
03/03/2020;1;Piemonte;450.732.745;7.680.687.483;13;3;16;40;56;5;0;0;56;458;;;;;;;;;;;;
03/03/2020;16;Puglia;4.112.559.576;1.686.736.689;2;0;2;4;6;2;0;0;6;298;;;;;;;;;;;;
03/03/2020;20;Sardegna;3.921.531.192;9.110.616.306;1;0;1;0;1;1;0;0;1;29;;;;;;;;;;;;
03/03/2020;19;Sicilia;3.811.569.725;133.623.567;2;0;2;3;5;0;2;0;7;307;;;;;;;;;;;;
03/03/2020;9;Toscana;4.376.923.077;1.125.588.885;10;0;10;8;18;6;1;0;19;697;;;;;;;;;;;;
03/03/2020;4;P.A. Trento;4.606.893.511;1.112.123.097;1;0;1;3;4;4;0;0;4;122;;;;;;;;;;;;
03/03/2020;10;Umbria;4.310.675.841;1.238.824.698;1;1;2;6;8;6;0;0;8;45;;;;;;;;;;;;
03/03/2020;2;Valle d'Aosta;4.573.750.286;7.320.149.366;0;0;0;0;0;0;0;0;0;12;;;;;;;;;;;;
03/03/2020;5;Veneto;4.543.490.485;1.233.845.213;49;19;68;229;297;26;7;3;307;10176;;;;;;;;;;;;
04/03/2020;13;Abruzzo;4.235.122.196;1.339.843.823;7;0;7;0;7;1;0;0;7;85;;;;;;;;;;;;
04/03/2020;17;Basilicata;4.063.947.052;1.580.514.834;0;0;0;1;1;0;0;0;1;48;;;;;;;;;;;;
04/03/2020;4;P.A. Bolzano;4.649.933.453;1.135.662.422;1;0;1;0;1;0;0;0;1;20;;;;;;;;;;;;
04/03/2020;18;Calabria;3.890.597.598;1.659.440.194;0;0;0;1;1;0;0;0;1;46;;;;;;;;;;;;
04/03/2020;15;Campania;4.083.956.555;1.425.084.984;11;0;11;20;31;1;0;0;31;429;;;;;;;;;;;;
04/03/2020;8;Emilia Romagna;4.449.436.681;113.417.208;256;26;282;234;516;118;6;22;544;2500;;;;;;;;;;;;
04/03/2020;6;Friuli Venezia Giulia;456.494.354;1.376.813.649;3;0;3;15;18;5;0;0;18;376;;;;;;;;;;;;
04/03/2020;12;Lazio;4.189.277.044;1.248.366.722;15;3;18;9;27;16;3;0;30;995;;;;;;;;;;;;
04/03/2020;7;Liguria;4.441.149.315;89.326.992;10;3;13;8;21;2;4;1;26;133;;;;;;;;;;;;
04/03/2020;3;Lombardia;4.546.679.409;9.190.347.404;877;209;1086;411;1497;171;250;73;1820;12138;;;;;;;;;;;;
04/03/2020;11;Marche;4.361.675.973;135.188.753;34;15;49;31;80;21;0;4;84;288;;;;;;;;;;;;
04/03/2020;14;Molise;4.155.774.754;1.465.916.051;3;0;3;0;3;0;0;0;3;19;;;;;;;;;;;;
04/03/2020;1;Piemonte;450.732.745;7.680.687.483;26;13;39;43;82;26;0;0;82;543;;;;;;;;;;;;
04/03/2020;16;Puglia;4.112.559.576;1.686.736.689;4;0;4;3;7;1;1;1;9;322;;;;;;;;;;;;
04/03/2020;20;Sardegna;3.921.531.192;9.110.616.306;1;0;1;1;2;1;0;0;2;42;;;;;;;;;;;;
04/03/2020;19;Sicilia;3.811.569.725;133.623.567;5;0;5;11;16;11;2;0;18;367;;;;;;;;;;;;
04/03/2020;9;Toscana;4.376.923.077;1.125.588.885;15;2;17;20;37;19;1;0;38;776;;;;;;;;;;;;
04/03/2020;4;P.A. Trento;4.606.893.511;1.112.123.097;1;0;1;4;5;1;0;0;5;122;;;;;;;;;;;;
04/03/2020;10;Umbria;4.310.675.841;1.238.824.698;1;1;2;7;9;1;0;0;9;58;;;;;;;;;;;;
04/03/2020;2;Valle d'Aosta;4.573.750.286;7.320.149.366;0;0;0;0;0;0;0;0;0;15;;;;;;;;;;;;
04/03/2020;5;Veneto;4.543.490.485;1.233.845.213;76;23;99;246;345;48;9;6;360;10515;;;;;;;;;;;;
05/03/2020;13;Abruzzo;4.235.122.196;1.339.843.823;8;0;8;0;8;1;0;0;8;96;;;;;;;;;;;;
05/03/2020;17;Basilicata;4.063.947.052;1.580.514.834;0;0;0;1;1;0;0;0;1;54;;;;;;;;;;;;
05/03/2020;4;P.A. Bolzano;4.649.933.453;1.135.662.422;1;0;1;0;1;0;0;0;1;20;;;;;;;;;;;;
05/03/2020;18;Calabria;3.890.597.598;1.659.440.194;1;0;1;1;2;1;0;0;2;53;;;;;;;;;;;;
05/03/2020;15;Campania;4.083.956.555;1.425.084.984;12;0;12;33;45;14;0;0;45;471;;;;;;;;;;;;
05/03/2020;8;Emilia Romagna;4.449.436.681;113.417.208;327;32;359;299;658;142;10;30;698;2884;;;;;;;;;;;;
05/03/2020;6;Friuli Venezia Giulia;456.494.354;1.376.813.649;4;0;4;17;21;3;0;0;21;397;;;;;;;;;;;;
05/03/2020;12;Lazio;4.189.277.044;1.248.366.722;20;7;27;14;41;14;3;0;44;1175;;;;;;;;;;;;
05/03/2020;7;Liguria;4.441.149.315;89.326.992;11;3;14;7;21;0;4;3;28;146;;;;;;;;;;;;
05/03/2020;3;Lombardia;4.546.679.409;9.190.347.404;1169;244;1413;364;1777;280;376;98;2251;12354;;;;;;;;;;;;
05/03/2020;11;Marche;4.361.675.973;135.188.753;57;19;76;44;120;40;0;4;124;413;;;;;;;;;;;;
05/03/2020;14;Molise;4.155.774.754;1.465.916.051;4;0;4;3;7;4;0;0;7;24;;;;;;;;;;;;
05/03/2020;1;Piemonte;450.732.745;7.680.687.483;43;17;60;46;106;24;0;2;108;543;;;;;;;;;;;;
05/03/2020;16;Puglia;4.112.559.576;1.686.736.689;5;1;6;6;12;5;1;1;14;359;;;;;;;;;;;;
05/03/2020;20;Sardegna;3.921.531.192;9.110.616.306;2;0;2;0;2;0;0;0;2;50;;;;;;;;;;;;
05/03/2020;19;Sicilia;3.811.569.725;133.623.567;5;0;5;11;16;0;2;0;18;367;;;;;;;;;;;;
05/03/2020;9;Toscana;4.376.923.077;1.125.588.885;26;3;29;31;60;23;1;0;61;776;;;;;;;;;;;;
05/03/2020;4;P.A. Trento;4.606.893.511;1.112.123.097;2;0;2;5;7;2;0;0;7;122;;;;;;;;;;;;
05/03/2020;10;Umbria;4.310.675.841;1.238.824.698;1;1;2;7;9;0;0;0;9;88;;;;;;;;;;;;
05/03/2020;2;Valle d'Aosta;4.573.750.286;7.320.149.366;0;0;0;2;2;2;0;0;2;21;;;;;;;;;;;;
05/03/2020;5;Veneto;4.543.490.485;1.233.845.213;92;24;116;264;380;35;17;10;407;11949;;;;;;;;;;;;
06/03/2020;13;Abruzzo;4.235.122.196;1.339.843.823;9;0;9;0;9;1;0;0;9;96;;;;;;;;;;;;
06/03/2020;17;Basilicata;4.063.947.052;1.580.514.834;1;0;1;2;3;2;0;0;3;63;;;;;;;;;;;;
06/03/2020;4;P.A. Bolzano;4.649.933.453;1.135.662.422;4;0;4;0;4;3;0;0;4;36;;;;;;;;;;;;
06/03/2020;18;Calabria;3.890.597.598;1.659.440.194;2;0;2;2;4;2;0;0;4;99;;;;;;;;;;;;
06/03/2020;15;Campania;4.083.956.555;1.425.084.984;12;0;12;45;57;12;0;0;57;471;;;;;;;;;;;;
06/03/2020;8;Emilia Romagna;4.449.436.681;113.417.208;397;53;450;366;816;158;17;37;870;3136;;;;;;;;;;;;
06/03/2020;6;Friuli Venezia Giulia;456.494.354;1.376.813.649;4;0;4;24;28;7;3;0;31;577;;;;;;;;;;;;
06/03/2020;12;Lazio;4.189.277.044;1.248.366.722;26;8;34;16;50;9;3;1;54;1373;;;;;;;;;;;;
06/03/2020;7;Liguria;4.441.149.315;89.326.992;12;5;17;7;24;3;5;3;32;229;;;;;;;;;;;;
06/03/2020;3;Lombardia;4.546.679.409;9.190.347.404;1622;309;1931;77;2008;231;469;135;2612;13556;;;;;;;;;;;;
06/03/2020;11;Marche;4.361.675.973;135.188.753;73;20;93;62;155;35;0;4;159;585;;;;;;;;;;;;
06/03/2020;14;Molise;4.155.774.754;1.465.916.051;3;2;5;7;12;5;0;0;12;104;;;;;;;;;;;;
06/03/2020;1;Piemonte;450.732.745;7.680.687.483;57;30;87;52;139;33;0;4;143;793;;;;;;;;;;;;
06/03/2020;16;Puglia;4.112.559.576;1.686.736.689;5;1;6;9;15;3;1;1;17;395;;;;;;;;;;;;
06/03/2020;20;Sardegna;3.921.531.192;9.110.616.306;2;0;2;3;5;3;0;0;5;99;;;;;;;;;;;;
06/03/2020;19;Sicilia;3.811.569.725;133.623.567;7;0;7;15;22;6;2;0;24;367;;;;;;;;;;;;
06/03/2020;9;Toscana;4.376.923.077;1.125.588.885;35;5;40;38;78;18;1;0;79;1097;;;;;;;;;;;;
06/03/2020;4;P.A. Trento;4.606.893.511;1.112.123.097;4;0;4;6;10;3;0;0;10;122;;;;;;;;;;;;
06/03/2020;10;Umbria;4.310.675.841;1.238.824.698;2;2;4;12;16;7;0;0;16;110;;;;;;;;;;;;
06/03/2020;2;Valle d'Aosta;4.573.750.286;7.320.149.366;0;0;0;7;7;5;0;0;7;28;;;;;;;;;;;;
06/03/2020;5;Veneto;4.543.490.485;1.233.845.213;117;27;144;310;454;74;22;12;488;13023;;;;;;;;;;;;
07/03/2020;13;Abruzzo;4.235.122.196;1.339.843.823;11;0;11;0;11;2;0;0;11;123;;;;;;;;;;;;
07/03/2020;17;Basilicata;4.063.947.052;1.580.514.834;1;0;1;2;3;0;0;0;3;75;;;;;;;;;;;;
07/03/2020;4;P.A. Bolzano;4.649.933.453;1.135.662.422;8;0;8;1;9;5;0;0;9;36;;;;;;;;;;;;
07/03/2020;18;Calabria;3.890.597.598;1.659.440.194;2;0;2;2;4;0;0;0;4;113;;;;;;;;;;;;
07/03/2020;15;Campania;4.083.956.555;1.425.084.984;16;0;16;45;61;4;0;0;61;612;;;;;;;;;;;;
07/03/2020;8;Emilia Romagna;4.449.436.681;113.417.208;464;64;528;409;937;121;25;48;1010;3604;;;;;;;;;;;;
07/03/2020;6;Friuli Venezia Giulia;456.494.354;1.376.813.649;7;1;8;31;39;11;3;0;42;577;;;;;;;;;;;;
07/03/2020;12;Lazio;4.189.277.044;1.248.366.722;43;8;51;21;72;22;3;1;76;1582;;;;;;;;;;;;
07/03/2020;7;Liguria;4.441.149.315;89.326.992;26;6;32;10;42;18;5;4;51;331;;;;;;;;;;;;
07/03/2020;3;Lombardia;4.546.679.409;9.190.347.404;1661;359;2020;722;2742;734;524;154;3420;15778;;;;;;;;;;;;
07/03/2020;11;Marche;4.361.675.973;135.188.753;94;36;130;71;201;46;0;6;207;816;;;;;;;;;;;;
07/03/2020;14;Molise;4.155.774.754;1.465.916.051;3;2;5;9;14;2;0;0;14;112;;;;;;;;;;;;
07/03/2020;1;Piemonte;450.732.745;7.680.687.483;110;38;148;54;202;63;0;5;207;1046;;;;;;;;;;;;
07/03/2020;16;Puglia;4.112.559.576;1.686.736.689;9;2;11;12;23;8;1;2;26;395;;;;;;;;;;;;
07/03/2020;20;Sardegna;3.921.531.192;9.110.616.306;2;0;2;3;5;0;0;0;5;99;;;;;;;;;;;;
07/03/2020;19;Sicilia;3.811.569.725;133.623.567;8;0;8;25;33;11;2;0;35;643;;;;;;;;;;;;
07/03/2020;9;Toscana;4.376.923.077;1.125.588.885;54;7;61;51;112;34;1;0;113;1331;;;;;;;;;;;;
07/03/2020;4;P.A. Trento;4.606.893.511;1.112.123.097;6;1;7;7;14;4;0;0;14;194;;;;;;;;;;;;
07/03/2020;10;Umbria;4.310.675.841;1.238.824.698;2;2;4;20;24;8;0;0;24;134;;;;;;;;;;;;
07/03/2020;2;Valle d'Aosta;4.573.750.286;7.320.149.366;1;0;1;7;8;1;0;0;8;32;;;;;;;;;;;;
07/03/2020;5;Veneto;4.543.490.485;1.233.845.213;123;41;164;341;505;51;25;13;543;14429;;;;;;;;;;;;
08/03/2020;13;Abruzzo;4.235.122.196;1.339.843.823;14;0;14;3;17;6;0;0;17;163;;;;;;;;;;;;
08/03/2020;17;Basilicata;4.063.947.052;1.580.514.834;2;0;2;2;4;1;0;0;4;123;;;;;;;;;;;;
08/03/2020;4;P.A. Bolzano;4.649.933.453;1.135.662.422;8;0;8;1;9;0;0;0;9;36;;;;;;;;;;;;
08/03/2020;18;Calabria;3.890.597.598;1.659.440.194;5;0;5;4;9;5;0;0;9;113;;;;;;;;;;;;
08/03/2020;15;Campania;4.083.956.555;1.425.084.984;30;7;37;63;100;39;1;0;101;980;;;;;;;;;;;;
08/03/2020;8;Emilia Romagna;4.449.436.681;113.417.208;542;75;617;480;1097;160;27;56;1180;4344;;;;;;;;;;;;
08/03/2020;6;Friuli Venezia Giulia;456.494.354;1.376.813.649;7;1;8;45;53;14;3;1;57;997;;;;;;;;;;;;
08/03/2020;12;Lazio;4.189.277.044;1.248.366.722;47;8;55;26;81;9;3;3;87;1929;;;;;;;;;;;;
08/03/2020;7;Liguria;4.441.149.315;89.326.992;39;11;50;17;67;25;5;6;78;401;;;;;;;;;;;;
08/03/2020;3;Lombardia;4.546.679.409;9.190.347.404;2217;399;2616;756;3372;630;550;267;4189;18534;;;;;;;;;;;;
08/03/2020;11;Marche;4.361.675.973;135.188.753;110;41;151;114;265;64;0;7;272;1025;;;;;;;;;;;;
08/03/2020;14;Molise;4.155.774.754;1.465.916.051;4;2;6;8;14;0;0;0;14;116;;;;;;;;;;;;
08/03/2020;1;Piemonte;450.732.745;7.680.687.483;245;45;290;65;355;153;0;5;360;1636;;;;;;;;;;;;
08/03/2020;16;Puglia;4.112.559.576;1.686.736.689;17;3;20;16;36;13;1;3;40;627;;;;;;;;;;;;
08/03/2020;20;Sardegna;3.921.531.192;9.110.616.306;5;0;5;6;11;6;0;0;11;149;;;;;;;;;;;;
08/03/2020;19;Sicilia;3.811.569.725;133.623.567;18;0;18;33;51;18;2;0;53;791;;;;;;;;;;;;
08/03/2020;9;Toscana;4.376.923.077;1.125.588.885;91;7;98;67;165;53;1;0;166;1618;;;;;;;;;;;;
08/03/2020;4;P.A. Trento;4.606.893.511;1.112.123.097;7;2;9;14;23;9;0;0;23;228;;;;;;;;;;;;
08/03/2020;10;Umbria;4.310.675.841;1.238.824.698;2;2;4;22;26;2;0;0;26;168;;;;;;;;;;;;
08/03/2020;2;Valle d'Aosta;4.573.750.286;7.320.149.366;1;0;1;8;9;1;0;0;9;41;;;;;;;;;;;;
08/03/2020;5;Veneto;4.543.490.485;1.233.845.213;146;47;193;430;623;118;29;18;670;15918;;;;;;;;;;;;
09/03/2020;13;Abruzzo;4.235.122.196;1.339.843.823;25;0;25;5;30;13;0;0;30;237;;;;;;;;;;;;
09/03/2020;17;Basilicata;4.063.947.052;1.580.514.834;2;0;2;3;5;1;0;0;5;135;;;;;;;;;;;;
09/03/2020;4;P.A. Bolzano;4.649.933.453;1.135.662.422;8;0;8;1;9;0;0;0;9;36;;;;;;;;;;;;
09/03/2020;18;Calabria;3.890.597.598;1.659.440.194;8;0;8;1;9;0;2;0;11;173;;;;;;;;;;;;
09/03/2020;15;Campania;4.083.956.555;1.425.084.984;42;8;50;69;119;19;1;0;120;980;;;;;;;;;;;;
09/03/2020;8;Emilia Romagna;4.449.436.681;113.417.208;576;90;666;620;1286;189;30;70;1386;4906;;;;;;;;;;;;
09/03/2020;6;Friuli Venezia Giulia;456.494.354;1.376.813.649;18;1;19;70;89;36;3;1;93;1344;;;;;;;;;;;;
09/03/2020;12;Lazio;4.189.277.044;1.248.366.722;55;8;63;31;94;13;3;5;102;1929;;;;;;;;;;;;
09/03/2020;7;Liguria;4.441.149.315;89.326.992;60;17;77;20;97;30;5;7;109;611;;;;;;;;;;;;
09/03/2020;3;Lombardia;4.546.679.409;9.190.347.404;2802;440;3242;1248;4490;1118;646;333;5469;20135;;;;;;;;;;;;
09/03/2020;11;Marche;4.361.675.973;135.188.753;136;47;183;130;313;48;0;10;323;1250;;;;;;;;;;;;
09/03/2020;14;Molise;4.155.774.754;1.465.916.051;4;2;6;8;14;0;0;0;14;212;;;;;;;;;;;;
09/03/2020;1;Piemonte;450.732.745;7.680.687.483;222;50;272;65;337;-18;0;13;350;1681;;;;;;;;;;;;
09/03/2020;16;Puglia;4.112.559.576;1.686.736.689;20;6;26;20;46;10;1;3;50;685;;;;;;;;;;;;
09/03/2020;20;Sardegna;3.921.531.192;9.110.616.306;8;0;8;11;19;8;0;0;19;185;;;;;;;;;;;;
09/03/2020;19;Sicilia;3.811.569.725;133.623.567;19;0;19;33;52;1;2;0;54;836;;;;;;;;;;;;
09/03/2020;9;Toscana;4.376.923.077;1.125.588.885;107;9;116;90;206;41;1;1;208;2018;;;;;;;;;;;;
09/03/2020;4;P.A. Trento;4.606.893.511;1.112.123.097;10;2;12;21;33;10;0;0;33;267;;;;;;;;;;;;
09/03/2020;10;Umbria;4.310.675.841;1.238.824.698;4;2;6;22;28;2;0;0;28;183;;;;;;;;;;;;
09/03/2020;2;Valle d'Aosta;4.573.750.286;7.320.149.366;4;0;4;11;15;6;0;0;15;67;;;;;;;;;;;;
09/03/2020;5;Veneto;4.543.490.485;1.233.845.213;186;51;237;457;694;71;30;20;744;15956;;;;;;;;;;;;
10/03/2020;13;Abruzzo;4.235.122.196;1.339.843.823;17;9;26;11;37;7;0;1;38;310;;;;;;;;;;;;
10/03/2020;17;Basilicata;4.063.947.052;1.580.514.834;2;0;2;5;7;2;0;0;7;148;;;;;;;;;;;;
10/03/2020;4;P.A. Bolzano;4.649.933.453;1.135.662.422;17;1;18;20;38;29;0;0;38;36;;;;;;;;;;;;
10/03/2020;18;Calabria;3.890.597.598;1.659.440.194;8;2;10;1;11;2;2;0;13;360;;;;;;;;;;;;
10/03/2020;15;Campania;4.083.956.555;1.425.084.984;33;8;41;85;126;7;1;0;127;1141;;;;;;;;;;;;
10/03/2020;8;Emilia Romagna;4.449.436.681;113.417.208;669;98;767;650;1417;131;31;85;1533;5494;;;;;;;;;;;;
10/03/2020;6;Friuli Venezia Giulia;456.494.354;1.376.813.649;27;6;33;77;110;21;3;3;116;1602;;;;;;;;;;;;
10/03/2020;12;Lazio;4.189.277.044;1.248.366.722;50;15;65;34;99;5;11;6;116;3591;;;;;;;;;;;;
10/03/2020;7;Liguria;4.441.149.315;89.326.992;57;29;86;42;128;31;5;8;141;694;;;;;;;;;;;;
10/03/2020;3;Lombardia;4.546.679.409;9.190.347.404;3319;466;3785;642;4427;-63;896;468;5791;21479;;;;;;;;;;;;
10/03/2020;11;Marche;4.361.675.973;135.188.753;152;54;206;175;381;68;0;13;394;1437;;;;;;;;;;;;
10/03/2020;14;Molise;4.155.774.754;1.465.916.051;3;3;6;9;15;1;0;0;15;225;;;;;;;;;;;;
10/03/2020;1;Piemonte;450.732.745;7.680.687.483;306;66;372;64;436;99;0;17;453;2374;;;;;;;;;;;;
10/03/2020;16;Puglia;4.112.559.576;1.686.736.689;28;6;34;21;55;9;1;3;59;747;;;;;;;;;;;;
10/03/2020;20;Sardegna;3.921.531.192;9.110.616.306;9;0;9;11;20;1;0;0;20;204;;;;;;;;;;;;
10/03/2020;19;Sicilia;3.811.569.725;133.623.567;17;2;19;41;60;8;2;0;62;955;;;;;;;;;;;;
10/03/2020;9;Toscana;4.376.923.077;1.125.588.885;91;40;131;129;260;54;3;1;264;2573;;;;;;;;;;;;
10/03/2020;4;P.A. Trento;4.606.893.511;1.112.123.097;19;3;22;28;50;17;2;0;52;399;;;;;;;;;;;;
10/03/2020;10;Umbria;4.310.675.841;1.238.824.698;8;2;10;27;37;9;0;0;37;260;;;;;;;;;;;;
10/03/2020;2;Valle d'Aosta;4.573.750.286;7.320.149.366;2;0;2;15;17;2;0;0;17;89;;;;;;;;;;;;
10/03/2020;5;Veneto;4.543.490.485;1.233.845.213;204;67;271;512;783;89;47;26;856;16643;;;;;;;;;;;;
11/03/2020;13;Abruzzo;4.235.122.196;1.339.843.823;17;9;26;11;37;0;0;1;38;310;;;;;;;;;;;;
11/03/2020;17;Basilicata;4.063.947.052;1.580.514.834;1;1;2;6;8;1;0;0;8;155;;;;;;;;;;;;
11/03/2020;4;P.A. Bolzano;4.649.933.453;1.135.662.422;8;4;12;63;75;37;0;0;75;75;;;;;;;;;;;;
11/03/2020;18;Calabria;3.890.597.598;1.659.440.194;10;2;12;5;17;6;2;0;19;405;;;;;;;;;;;;
11/03/2020;15;Campania;4.083.956.555;1.425.084.984;56;11;67;82;149;23;4;1;154;1375;;;;;;;;;;;;
11/03/2020;8;Emilia Romagna;4.449.436.681;113.417.208;745;104;849;739;1588;171;38;113;1739;6640;;;;;;;;;;;;
11/03/2020;6;Friuli Venezia Giulia;456.494.354;1.376.813.649;16;5;21;89;110;0;10;6;126;2073;;;;;;;;;;;;
11/03/2020;12;Lazio;4.189.277.044;1.248.366.722;67;18;85;40;125;26;19;6;150;3591;;;;;;;;;;;;
11/03/2020;7;Liguria;4.441.149.315;89.326.992;74;34;108;73;181;53;5;8;194;1025;;;;;;;;;;;;
11/03/2020;3;Lombardia;4.546.679.409;9.190.347.404;3852;560;4412;1351;5763;1336;900;617;7280;25629;;;;;;;;;;;;
11/03/2020;11;Marche;4.361.675.973;135.188.753;212;66;278;183;461;80;0;18;479;1656;;;;;;;;;;;;
11/03/2020;14;Molise;4.155.774.754;1.465.916.051;4;3;7;9;16;1;0;0;16;233;;;;;;;;;;;;
11/03/2020;1;Piemonte;450.732.745;7.680.687.483;319;75;394;86;480;44;0;21;501;2431;;;;;;;;;;;;
11/03/2020;16;Puglia;4.112.559.576;1.686.736.689;38;4;42;29;71;16;1;5;77;909;;;;;;;;;;;;
11/03/2020;20;Sardegna;3.921.531.192;9.110.616.306;10;0;10;27;37;17;0;0;37;283;;;;;;;;;;;;
11/03/2020;19;Sicilia;3.811.569.725;133.623.567;23;1;24;57;81;21;2;0;83;1194;;;;;;;;;;;;
11/03/2020;9;Toscana;4.376.923.077;1.125.588.885;87;54;141;173;314;54;5;1;320;2804;;;;;;;;;;;;
11/03/2020;4;P.A. Trento;4.606.893.511;1.112.123.097;28;4;32;42;74;24;3;0;77;527;;;;;;;;;;;;
11/03/2020;10;Umbria;4.310.675.841;1.238.824.698;7;5;12;32;44;7;2;0;46;340;;;;;;;;;;;;
11/03/2020;2;Valle d'Aosta;4.573.750.286;7.320.149.366;2;0;2;17;19;2;0;1;20;99;;;;;;;;;;;;
11/03/2020;5;Veneto;4.543.490.485;1.233.845.213;262;68;330;610;940;157;54;29;1023;21400;;;;;;;;;;;;
12/03/2020;13;Abruzzo;4.235.122.196;1.339.843.823;47;12;59;19;78;41;4;2;84;867;;;;;;;;;;;;
12/03/2020;17;Basilicata;4.063.947.052;1.580.514.834;1;1;2;6;8;0;0;0;8;155;;;;;;;;;;;;
12/03/2020;4;P.A. Bolzano;4.649.933.453;1.135.662.422;21;4;25;78;103;28;0;1;104;607;;;;;;;;;;;;
12/03/2020;18;Calabria;3.890.597.598;1.659.440.194;14;2;16;16;32;15;1;0;33;483;;;;;;;;;;;;
12/03/2020;15;Campania;4.083.956.555;1.425.084.984;56;11;67;107;174;25;4;1;179;1551;;;;;;;;;;;;
12/03/2020;8;Emilia Romagna;4.449.436.681;113.417.208;814;112;926;832;1758;170;43;146;1947;7600;;;;;;;;;;;;
12/03/2020;6;Friuli Venezia Giulia;456.494.354;1.376.813.649;23;10;33;115;148;38;11;8;167;2604;;;;;;;;;;;;
12/03/2020;12;Lazio;4.189.277.044;1.248.366.722;85;20;105;67;172;47;19;9;200;5592;;;;;;;;;;;;
12/03/2020;7;Liguria;4.441.149.315;89.326.992;100;36;136;107;243;62;20;11;274;1174;;;;;;;;;;;;
12/03/2020;3;Lombardia;4.546.679.409;9.190.347.404;4247;605;4852;2044;6896;1133;1085;744;8725;29534;;;;;;;;;;;;
12/03/2020;11;Marche;4.361.675.973;135.188.753;254;76;330;240;570;109;0;22;592;1907;;;;;;;;;;;;
12/03/2020;14;Molise;4.155.774.754;1.465.916.051;4;3;7;9;16;0;0;0;16;238;;;;;;;;;;;;
12/03/2020;1;Piemonte;450.732.745;7.680.687.483;368;97;465;89;554;74;0;26;580;2879;;;;;;;;;;;;
12/03/2020;16;Puglia;4.112.559.576;1.686.736.689;58;2;60;38;98;27;1;5;104;1269;;;;;;;;;;;;
12/03/2020;20;Sardegna;3.921.531.192;9.110.616.306;12;0;12;27;39;2;0;0;39;302;;;;;;;;;;;;
12/03/2020;19;Sicilia;3.811.569.725;133.623.567;28;5;33;78;111;30;2;2;115;1477;;;;;;;;;;;;
12/03/2020;9;Toscana;4.376.923.077;1.125.588.885;100;59;159;193;352;38;7;5;364;3165;;;;;;;;;;;;
12/03/2020;4;P.A. Trento;4.606.893.511;1.112.123.097;43;5;48;54;102;28;4;1;107;593;;;;;;;;;;;;
12/03/2020;10;Umbria;4.310.675.841;1.238.824.698;8;8;16;46;62;18;2;0;64;458;;;;;;;;;;;;
12/03/2020;2;Valle d'Aosta;4.573.750.286;7.320.149.366;7;0;7;19;26;7;0;1;27;118;;;;;;;;;;;;
12/03/2020;5;Veneto;4.543.490.485;1.233.845.213;360;85;445;852;1297;357;55;32;1384;23438;;;;;;;;;;;;
13/03/2020;13;Abruzzo;4.235.122.196;1.339.843.823;42;14;56;27;83;5;4;2;89;958;;;;;;;;;;;;
13/03/2020;17;Basilicata;4.063.947.052;1.580.514.834;1;1;2;8;10;2;0;0;10;155;;;;;;;;;;;;
13/03/2020;4;P.A. Bolzano;4.649.933.453;1.135.662.422;20;5;25;98;123;20;0;2;125;811;;;;;;;;;;;;
13/03/2020;18;Calabria;3.890.597.598;1.659.440.194;18;3;21;16;37;5;1;0;38;504;;;;;;;;;;;;
13/03/2020;15;Campania;4.083.956.555;1.425.084.984;60;19;79;134;213;39;5;2;220;1671;;;;;;;;;;;;
13/03/2020;8;Emilia Romagna;4.449.436.681;113.417.208;942;128;1070;941;2011;253;51;201;2263;8787;;;;;;;;;;;;
13/03/2020;6;Friuli Venezia Giulia;456.494.354;1.376.813.649;59;8;67;169;236;88;11;10;257;3149;;;;;;;;;;;;
13/03/2020;12;Lazio;4.189.277.044;1.248.366.722;122;24;146;96;242;70;24;11;277;6491;;;;;;;;;;;;
13/03/2020;7;Liguria;4.441.149.315;89.326.992;128;44;172;132;304;61;24;17;345;1442;;;;;;;;;;;;
13/03/2020;3;Lombardia;4.546.679.409;9.190.347.404;4435;650;5085;2647;7732;836;1198;890;9820;32700;;;;;;;;;;;;
13/03/2020;11;Marche;4.361.675.973;135.188.753;337;85;422;276;698;128;0;27;725;2218;;;;;;;;;;;;
13/03/2020;14;Molise;4.155.774.754;1.465.916.051;5;3;8;9;17;1;0;0;17;243;;;;;;;;;;;;
13/03/2020;1;Piemonte;450.732.745;7.680.687.483;556;135;691;103;794;240;0;46;840;3105;;;;;;;;;;;;
13/03/2020;16;Puglia;4.112.559.576;1.686.736.689;77;2;79;42;121;23;3;5;129;1449;;;;;;;;;;;;
13/03/2020;20;Sardegna;3.921.531.192;9.110.616.306;12;0;12;31;43;4;0;0;43;504;;;;;;;;;;;;
13/03/2020;19;Sicilia;3.811.569.725;133.623.567;37;7;44;82;126;15;2;2;130;1950;;;;;;;;;;;;
13/03/2020;9;Toscana;4.376.923.077;1.125.588.885;134;77;211;244;455;103;10;5;470;4049;;;;;;;;;;;;
13/03/2020;4;P.A. Trento;4.606.893.511;1.112.123.097;58;6;64;93;157;55;4;2;163;846;;;;;;;;;;;;
13/03/2020;10;Umbria;4.310.675.841;1.238.824.698;11;10;21;52;73;11;2;1;76;576;;;;;;;;;;;;
13/03/2020;2;Valle d'Aosta;4.573.750.286;7.320.149.366;6;0;6;21;27;1;0;1;28;189;;;;;;;;;;;;
13/03/2020;5;Veneto;4.543.490.485;1.233.845.213;366;107;473;980;1453;156;100;42;1595;25691;;;;;;;;;;;;
14/03/2020;13;Abruzzo;4.235.122.196;1.339.843.823;51;14;65;41;106;23;4;2;112;1232;;;;;;;;;;;;
14/03/2020;17;Basilicata;4.063.947.052;1.580.514.834;0;2;2;8;10;0;0;0;10;155;;;;;;;;;;;;
14/03/2020;4;P.A. Bolzano;4.649.933.453;1.135.662.422;26;7;33;137;170;47;0;3;173;1135;;;;;;;;;;;;
14/03/2020;18;Calabria;3.890.597.598;1.659.440.194;22;4;26;33;59;22;1;0;60;711;;;;;;;;;;;;
14/03/2020;15;Campania;4.083.956.555;1.425.084.984;72;17;89;154;243;30;23;6;272;1936;;;;;;;;;;;;
14/03/2020;8;Emilia Romagna;4.449.436.681;113.417.208;1076;152;1228;1121;2349;338;54;241;2644;10043;;;;;;;;;;;;
14/03/2020;6;Friuli Venezia Giulia;456.494.354;1.376.813.649;67;11;78;193;271;35;17;13;301;3376;;;;;;;;;;;;
14/03/2020;12;Lazio;4.189.277.044;1.248.366.722;181;25;206;114;320;78;24;13;357;7335;;;;;;;;;;;;
14/03/2020;7;Liguria;4.441.149.315;89.326.992;213;62;275;109;384;80;52;27;463;1750;;;;;;;;;;;;
14/03/2020;3;Lombardia;4.546.679.409;9.190.347.404;4898;732;5630;3429;9059;1327;1660;966;11685;37138;;;;;;;;;;;;
14/03/2020;11;Marche;4.361.675.973;135.188.753;449;93;542;321;863;165;0;36;899;2561;;;;;;;;;;;;
14/03/2020;14;Molise;4.155.774.754;1.465.916.051;5;3;8;9;17;0;0;0;17;247;;;;;;;;;;;;
14/03/2020;1;Piemonte;450.732.745;7.680.687.483;538;150;688;126;814;20;0;59;873;3680;;;;;;;;;;;;
14/03/2020;16;Puglia;4.112.559.576;1.686.736.689;91;6;97;59;156;35;2;8;166;1681;;;;;;;;;;;;
14/03/2020;20;Sardegna;3.921.531.192;9.110.616.306;14;0;14;33;47;4;0;0;47;530;;;;;;;;;;;;
14/03/2020;19;Sicilia;3.811.569.725;133.623.567;42;11;53;97;150;24;4;2;156;2100;;;;;;;;;;;;
14/03/2020;9;Toscana;4.376.923.077;1.125.588.885;160;87;247;367;614;159;10;6;630;4595;;;;;;;;;;;;
14/03/2020;4;P.A. Trento;4.606.893.511;1.112.123.097;68;12;80;119;199;42;5;2;206;1006;;;;;;;;;;;;
14/03/2020;10;Umbria;4.310.675.841;1.238.824.698;21;11;32;71;103;30;3;1;107;748;;;;;;;;;;;;
14/03/2020;2;Valle d'Aosta;4.573.750.286;7.320.149.366;12;0;12;29;41;14;0;1;42;231;;;;;;;;;;;;
14/03/2020;5;Veneto;4.543.490.485;1.233.845.213;366;119;485;1290;1775;322;107;55;1937;26980;;;;;;;;;;;;
15/03/2020;13;Abruzzo;4.235.122.196;1.339.843.823;72;28;100;28;128;22;6;3;137;1419;;;;;;;;;;;;
15/03/2020;17;Basilicata;4.063.947.052;1.580.514.834;0;2;2;9;11;1;0;0;11;208;;;;;;;;;;;;
15/03/2020;4;P.A. Bolzano;4.649.933.453;1.135.662.422;50;4;54;145;199;29;0;5;204;1497;;;;;;;;;;;;
15/03/2020;18;Calabria;3.890.597.598;1.659.440.194;32;6;38;28;66;7;1;1;68;884;;;;;;;;;;;;
15/03/2020;15;Campania;4.083.956.555;1.425.084.984;73;22;95;201;296;53;28;9;333;2213;;;;;;;;;;;;
15/03/2020;8;Emilia Romagna;4.449.436.681;113.417.208;1215;169;1384;1357;2741;392;68;284;3093;12054;;;;;;;;;;;;
15/03/2020;6;Friuli Venezia Giulia;456.494.354;1.376.813.649;98;12;110;206;316;45;17;14;347;3407;;;;;;;;;;;;
15/03/2020;12;Lazio;4.189.277.044;1.248.366.722;223;31;254;142;396;76;24;16;436;8345;;;;;;;;;;;;
15/03/2020;7;Liguria;4.441.149.315;89.326.992;253;66;319;174;493;109;33;33;559;1973;;;;;;;;;;;;
15/03/2020;3;Lombardia;4.546.679.409;9.190.347.404;5500;767;6267;3776;10043;984;2011;1218;13272;40369;;;;;;;;;;;;
15/03/2020;11;Marche;4.361.675.973;135.188.753;521;98;619;468;1087;224;0;46;1133;2946;;;;;;;;;;;;
15/03/2020;14;Molise;4.155.774.754;1.465.916.051;3;4;7;10;17;0;0;0;17;248;;;;;;;;;;;;
15/03/2020;1;Piemonte;450.732.745;7.680.687.483;726;171;897;133;1030;216;0;81;1111;4375;;;;;;;;;;;;
15/03/2020;16;Puglia;4.112.559.576;1.686.736.689;116;6;122;90;212;56;2;16;230;2017;;;;;;;;;;;;
15/03/2020;20;Sardegna;3.921.531.192;9.110.616.306;16;0;16;59;75;28;0;2;77;613;;;;;;;;;;;;
15/03/2020;19;Sicilia;3.811.569.725;133.623.567;56;15;71;108;179;29;7;2;188;2452;;;;;;;;;;;;
15/03/2020;9;Toscana;4.376.923.077;1.125.588.885;175;107;282;481;763;149;10;8;781;5132;;;;;;;;;;;;
15/03/2020;4;P.A. Trento;4.606.893.511;1.112.123.097;73;19;92;275;367;168;5;6;378;1006;;;;;;;;;;;;
15/03/2020;10;Umbria;4.310.675.841;1.238.824.698;25;13;38;101;139;36;3;1;143;965;;;;;;;;;;;;
15/03/2020;2;Valle d'Aosta;4.573.750.286;7.320.149.366;10;3;13;43;56;15;0;1;57;230;;;;;;;;;;;;
15/03/2020;5;Veneto;4.543.490.485;1.233.845.213;426;129;555;1434;1989;214;120;63;2172;32546;;;;;;;;;;;;
16/03/2020;13;Abruzzo;4.235.122.196;1.339.843.823;71;37;108;57;165;37;7;4;176;1533;;;;;;;;;;;;
16/03/2020;17;Basilicata;4.063.947.052;1.580.514.834;1;2;3;9;12;1;0;0;12;230;;;;;;;;;;;;
16/03/2020;4;P.A. Bolzano;4.649.933.453;1.135.662.422;53;11;64;171;235;36;0;6;241;1740;;;;;;;;;;;;
16/03/2020;18;Calabria;3.890.597.598;1.659.440.194;36;7;43;44;87;21;1;1;89;1030;;;;;;;;;;;;
16/03/2020;15;Campania;4.083.956.555;1.425.084.984;103;22;125;238;363;67;28;9;400;2517;;;;;;;;;;;;
16/03/2020;8;Emilia Romagna;4.449.436.681;113.417.208;1362;197;1559;1529;3088;347;88;346;3522;13096;;;;;;;;;;;;
16/03/2020;6;Friuli Venezia Giulia;456.494.354;1.376.813.649;96;19;115;231;346;30;18;22;386;4851;;;;;;;;;;;;
16/03/2020;12;Lazio;4.189.277.044;1.248.366.722;267;31;298;174;472;76;32;19;523;9330;;;;;;;;;;;;
16/03/2020;7;Liguria;4.441.149.315;89.326.992;255;73;328;247;575;82;42;50;667;2189;;;;;;;;;;;;
16/03/2020;3;Lombardia;4.546.679.409;9.190.347.404;6171;823;6994;3867;10861;818;2368;1420;14649;43565;;;;;;;;;;;;
16/03/2020;11;Marche;4.361.675.973;135.188.753;528;110;638;547;1185;98;0;57;1242;3225;;;;;;;;;;;;
16/03/2020;14;Molise;4.155.774.754;1.465.916.051;3;5;8;7;15;-2;5;1;21;253;;;;;;;;;;;;
16/03/2020;1;Piemonte;450.732.745;7.680.687.483;1045;186;1231;174;1405;375;0;111;1516;5588;;;;;;;;;;;;
16/03/2020;16;Puglia;4.112.559.576;1.686.736.689;116;6;122;90;212;0;2;16;230;2017;;;;;;;;;;;;
16/03/2020;20;Sardegna;3.921.531.192;9.110.616.306;39;0;39;66;105;30;0;2;107;797;;;;;;;;;;;;
16/03/2020;19;Sicilia;3.811.569.725;133.623.567;75;20;95;108;203;24;8;2;213;2653;;;;;;;;;;;;
16/03/2020;9;Toscana;4.376.923.077;1.125.588.885;175;107;282;559;841;78;11;14;866;5910;;;;;;;;;;;;
16/03/2020;4;P.A. Trento;4.606.893.511;1.112.123.097;73;19;92;275;367;0;5;6;378;1006;;;;;;;;;;;;
16/03/2020;10;Umbria;4.310.675.841;1.238.824.698;30;15;45;114;159;20;4;1;164;1093;;;;;;;;;;;;
16/03/2020;2;Valle d'Aosta;4.573.750.286;7.320.149.366;28;5;33;70;103;47;0;2;105;287;;;;;;;;;;;;
16/03/2020;5;Veneto;4.543.490.485;1.233.845.213;498;156;654;1620;2274;285;130;69;2473;35052;;;;;;;;;;;;
17/03/2020;13;Abruzzo;4.235.122.196;1.339.843.823;94;32;126;90;216;51;7;6;229;1688;;;;;;;;;;;;
17/03/2020;17;Basilicata;4.063.947.052;1.580.514.834;5;2;7;13;20;8;0;0;20;262;;;;;;;;;;;;
17/03/2020;4;P.A. Bolzano;4.649.933.453;1.135.662.422;71;11;82;200;282;47;1;8;291;2149;;;;;;;;;;;;
17/03/2020;18;Calabria;3.890.597.598;1.659.440.194;45;10;55;57;112;25;1;1;114;1293;;;;;;;;;;;;
17/03/2020;15;Campania;4.083.956.555;1.425.084.984;127;24;151;272;423;60;28;9;460;2685;;;;;;;;;;;;
17/03/2020;8;Emilia Romagna;4.449.436.681;113.417.208;1566;223;1789;1615;3404;316;134;393;3931;14510;;;;;;;;;;;;
17/03/2020;6;Friuli Venezia Giulia;456.494.354;1.376.813.649;104;21;125;222;347;1;17;30;394;4958;;;;;;;;;;;;
17/03/2020;12;Lazio;4.189.277.044;1.248.366.722;314;44;358;192;550;78;34;23;607;9436;;;;;;;;;;;;
17/03/2020;7;Liguria;4.441.149.315;89.326.992;299;85;384;277;661;86;57;60;778;2509;;;;;;;;;;;;
17/03/2020;3;Lombardia;4.546.679.409;9.190.347.404;6953;879;7832;4263;12095;1234;2485;1640;16220;46449;;;;;;;;;;;;
17/03/2020;11;Marche;4.361.675.973;135.188.753;599;109;708;594;1302;117;0;69;1371;3225;;;;;;;;;;;;
17/03/2020;14;Molise;4.155.774.754;1.465.916.051;7;5;12;7;19;4;5;1;25;301;;;;;;;;;;;;
17/03/2020;1;Piemonte;450.732.745;7.680.687.483;1378;206;1584;180;1764;359;0;133;1897;6543;;;;;;;;;;;;
17/03/2020;16;Puglia;4.112.559.576;1.686.736.689;155;14;169;151;320;108;2;18;340;3077;;;;;;;;;;;;
17/03/2020;20;Sardegna;3.921.531.192;9.110.616.306;36;4;40;75;115;10;0;2;117;1003;;;;;;;;;;;;
17/03/2020;19;Sicilia;3.811.569.725;133.623.567;86;28;114;112;226;23;8;3;237;2916;;;;;;;;;;;;
17/03/2020;9;Toscana;4.376.923.077;1.125.588.885;329;143;472;552;1024;183;12;17;1053;6727;;;;;;;;;;;;
17/03/2020;4;P.A. Trento;4.606.893.511;1.112.123.097;107;22;129;239;368;1;10;7;385;1727;;;;;;;;;;;;
17/03/2020;10;Umbria;4.310.675.841;1.238.824.698;36;21;57;135;192;33;4;1;197;1323;;;;;;;;;;;;
17/03/2020;2;Valle d'Aosta;4.573.750.286;7.320.149.366;35;6;41;93;134;31;0;2;136;398;;;;;;;;;;;;
17/03/2020;5;Veneto;4.543.490.485;1.233.845.213;548;171;719;1769;2488;214;136;80;2704;35478;;;;;;;;;;;;
18/03/2020;13;Abruzzo;4.235.122.196;1.339.843.823;99;41;140;109;249;33;7;7;263;2054;;;;;;;;;;;;
18/03/2020;17;Basilicata;4.063.947.052;1.580.514.834;9;2;11;16;27;7;0;0;27;262;;;;;;;;;;;;
18/03/2020;4;P.A. Bolzano;4.649.933.453;1.135.662.422;79;18;97;269;366;84;1;9;376;2844;;;;;;;;;;;;
18/03/2020;18;Calabria;3.890.597.598;1.659.440.194;45;11;56;70;126;14;2;1;129;1668;;;;;;;;;;;;
18/03/2020;15;Campania;4.083.956.555;1.425.084.984;127;24;151;272;423;0;28;9;460;2685;;;;;;;;;;;;
18/03/2020;8;Emilia Romagna;4.449.436.681;113.417.208;1784;247;2031;1884;3915;511;152;458;4525;15461;;;;;;;;;;;;
18/03/2020;6;Friuli Venezia Giulia;456.494.354;1.376.813.649;128;27;155;261;416;69;15;31;462;4958;;;;;;;;;;;;
18/03/2020;12;Lazio;4.189.277.044;1.248.366.722;374;44;418;232;650;100;42;32;724;11145;;;;;;;;;;;;
18/03/2020;7;Liguria;4.441.149.315;89.326.992;401;100;501;243;744;83;70;73;887;2912;;;;;;;;;;;;
18/03/2020;3;Lombardia;4.546.679.409;9.190.347.404;7285;924;8209;4057;12266;171;3488;1959;17713;48983;;;;;;;;;;;;
18/03/2020;11;Marche;4.361.675.973;135.188.753;638;119;757;719;1476;174;0;92;1568;4109;;;;;;;;;;;;
18/03/2020;14;Molise;4.155.774.754;1.465.916.051;7;6;13;8;21;2;6;1;28;361;;;;;;;;;;;;
18/03/2020;1;Piemonte;450.732.745;7.680.687.483;1780;227;2007;180;2187;423;0;154;2341;7516;;;;;;;;;;;;
18/03/2020;16;Puglia;4.112.559.576;1.686.736.689;156;30;186;176;362;42;2;19;383;3433;;;;;;;;;;;;
18/03/2020;20;Sardegna;3.921.531.192;9.110.616.306;42;7;49;83;132;17;0;2;134;1135;;;;;;;;;;;;
18/03/2020;19;Sicilia;3.811.569.725;133.623.567;100;29;129;138;267;41;12;3;282;3294;;;;;;;;;;;;
18/03/2020;9;Toscana;4.376.923.077;1.125.588.885;427;160;587;704;1291;267;17;22;1330;7606;;;;;;;;;;;;
18/03/2020;4;P.A. Trento;4.606.893.511;1.112.123.097;141;22;163;273;436;68;12;7;455;2187;;;;;;;;;;;;
18/03/2020;10;Umbria;4.310.675.841;1.238.824.698;54;21;75;166;241;49;4;2;247;1601;;;;;;;;;;;;
18/03/2020;2;Valle d'Aosta;4.573.750.286;7.320.149.366;41;3;44;118;162;28;0;3;165;486;;;;;;;;;;;;
18/03/2020;5;Veneto;4.543.490.485;1.233.845.213;646;195;841;2112;2953;465;167;94;3214;40841;;;;;;;;;;;;
19/03/2020;13;Abruzzo;4.235.122.196;1.339.843.823;181;47;228;138;366;117;8;11;385;2409;;;;;;;;;;;;
19/03/2020;17;Basilicata;4.063.947.052;1.580.514.834;8;5;13;24;37;10;0;0;37;353;;;;;;;;;;;;
19/03/2020;4;P.A. Bolzano;4.649.933.453;1.135.662.422;87;18;105;316;421;55;1;14;436;3568;;;;;;;;;;;;
19/03/2020;18;Calabria;3.890.597.598;1.659.440.194;60;13;73;91;164;38;2;3;169;2342;;;;;;;;;;;;
19/03/2020;15;Campania;4.083.956.555;1.425.084.984;213;36;249;356;605;182;30;17;652;3544;;;;;;;;;;;;
19/03/2020;8;Emilia Romagna;4.449.436.681;113.417.208;1900;260;2160;2346;4506;591;177;531;5214;18344;;;;;;;;;;;;
19/03/2020;6;Friuli Venezia Giulia;456.494.354;1.376.813.649;134;29;163;359;522;106;41;36;599;4052;;;;;;;;;;;;
19/03/2020;12;Lazio;4.189.277.044;1.248.366.722;426;45;471;270;741;91;44;38;823;11145;;;;;;;;;;;;
19/03/2020;7;Liguria;4.441.149.315;89.326.992;491;112;603;280;883;139;85;91;1059;3348;;;;;;;;;;;;
19/03/2020;3;Lombardia;4.546.679.409;9.190.347.404;7387;1006;8393;5545;13938;1672;3778;2168;19884;52244;;;;;;;;;;;;
19/03/2020;11;Marche;4.361.675.973;135.188.753;656;141;797;825;1622;146;0;115;1737;4512;;;;;;;;;;;;
19/03/2020;14;Molise;4.155.774.754;1.465.916.051;19;6;25;13;38;17;6;2;46;426;;;;;;;;;;;;
19/03/2020;1;Piemonte;450.732.745;7.680.687.483;2279;257;2536;218;2754;567;3;175;2932;8853;;;;;;;;;;;;
19/03/2020;16;Puglia;4.112.559.576;1.686.736.689;173;31;204;245;449;87;4;25;478;4046;;;;;;;;;;;;
19/03/2020;20;Sardegna;3.921.531.192;9.110.616.306;43;9;52;152;204;72;0;2;206;1334;;;;;;;;;;;;
19/03/2020;19;Sicilia;3.811.569.725;133.623.567;143;36;179;142;321;54;15;4;340;3961;;;;;;;;;;;;
19/03/2020;9;Toscana;4.376.923.077;1.125.588.885;501;178;679;743;1422;131;22;38;1482;8873;;;;;;;;;;;;
19/03/2020;4;P.A. Trento;4.606.893.511;1.112.123.097;169;30;199;292;491;55;20;12;523;2203;;;;;;;;;;;;
19/03/2020;10;Umbria;4.310.675.841;1.238.824.698;69;21;90;238;328;87;4;2;334;1954;;;;;;;;;;;;
19/03/2020;2;Valle d'Aosta;4.573.750.286;7.320.149.366;47;9;56;153;209;47;0;6;215;608;;;;;;;;;;;;
19/03/2020;5;Veneto;4.543.490.485;1.233.845.213;771;209;980;2189;3169;216;200;115;3484;44658;;;;;;;;;;;;
20/03/2020;13;Abruzzo;4.235.122.196;1.339.843.823;190;48;238;184;422;56;10;17;449;2695;;;;;;;;;;;;
20/03/2020;17;Basilicata;4.063.947.052;1.580.514.834;8;5;13;39;52;15;0;0;52;443;;;;;;;;;;;;
20/03/2020;4;P.A. Bolzano;4.649.933.453;1.135.662.422;99;24;123;407;530;109;1;17;548;4433;;;;;;;;;;;;
20/03/2020;18;Calabria;3.890.597.598;1.659.440.194;71;16;87;114;201;37;2;4;207;2690;;;;;;;;;;;;
20/03/2020;15;Campania;4.083.956.555;1.425.084.984;130;41;171;531;702;97;30;17;749;3845;;;;;;;;;;;;
20/03/2020;8;Emilia Romagna;4.449.436.681;113.417.208;2083;267;2350;2739;5089;583;239;640;5968;20753;;;;;;;;;;;;
20/03/2020;6;Friuli Venezia Giulia;456.494.354;1.376.813.649;143;32;175;380;555;33;63;38;656;4964;;;;;;;;;;;;
20/03/2020;12;Lazio;4.189.277.044;1.248.366.722;537;47;584;328;912;171;53;43;1008;13889;;;;;;;;;;;;
20/03/2020;7;Liguria;4.441.149.315;89.326.992;573;121;694;307;1001;118;101;119;1221;3794;;;;;;;;;;;;
20/03/2020;3;Lombardia;4.546.679.409;9.190.347.404;7735;1050;8785;6635;15420;1482;4295;2549;22264;57174;;;;;;;;;;;;
20/03/2020;11;Marche;4.361.675.973;135.188.753;704;138;842;1002;1844;222;0;137;1981;5170;;;;;;;;;;;;
20/03/2020;14;Molise;4.155.774.754;1.465.916.051;20;6;26;13;39;1;6;5;50;426;;;;;;;;;;;;
20/03/2020;1;Piemonte;450.732.745;7.680.687.483;1541;280;1821;1423;3244;490;8;209;3461;9975;;;;;;;;;;;;
20/03/2020;16;Puglia;4.112.559.576;1.686.736.689;191;31;222;329;551;102;4;26;581;4789;;;;;;;;;;;;
20/03/2020;20;Sardegna;3.921.531.192;9.110.616.306;56;15;71;217;288;84;3;2;293;1912;;;;;;;;;;;;
20/03/2020;19;Sicilia;3.811.569.725;133.623.567;168;42;210;169;379;58;25;4;408;4468;;;;;;;;;;;;
20/03/2020;9;Toscana;4.376.923.077;1.125.588.885;601;189;790;923;1713;291;33;47;1793;10405;;;;;;;;;;;;
20/03/2020;4;P.A. Trento;4.606.893.511;1.112.123.097;198;34;232;368;600;109;29;13;642;2656;;;;;;;;;;;;
20/03/2020;10;Umbria;4.310.675.841;1.238.824.698;75;24;99;285;384;56;4;7;395;2303;;;;;;;;;;;;
20/03/2020;2;Valle d'Aosta;4.573.750.286;7.320.149.366;54;9;63;194;257;48;0;7;264;814;;;;;;;;;;;;
20/03/2020;5;Veneto;4.543.490.485;1.233.845.213;843;236;1079;2598;3677;508;223;131;4031;49288;;;;;;;;;;;;
21/03/2020;13;Abruzzo;4.235.122.196;1.339.843.823;185;44;229;265;494;72;13;22;529;3035;;;;;;;;;;;;
21/03/2020;17;Basilicata;4.063.947.052;1.580.514.834;12;7;19;47;66;14;0;0;66;522;;;;;;;;;;;;
21/03/2020;4;P.A. Bolzano;4.649.933.453;1.135.662.422;127;30;157;443;600;70;1;20;621;5179;;;;;;;;;;;;
21/03/2020;18;Calabria;3.890.597.598;1.659.440.194;73;16;89;136;225;24;5;5;235;3050;;;;;;;;;;;;
21/03/2020;15;Campania;4.083.956.555;1.425.084.984;233;87;320;473;793;91;29;22;844;4448;;;;;;;;;;;;
21/03/2020;8;Emilia Romagna;4.449.436.681;113.417.208;2267;265;2532;3129;5661;572;329;715;6705;24620;;;;;;;;;;;;
21/03/2020;6;Friuli Venezia Giulia;456.494.354;1.376.813.649;152;37;189;477;666;111;82;42;790;5955;;;;;;;;;;;;
21/03/2020;12;Lazio;4.189.277.044;1.248.366.722;591;70;661;425;1086;174;54;50;1190;13889;;;;;;;;;;;;
21/03/2020;7;Liguria;4.441.149.315;89.326.992;598;129;727;432;1159;158;125;152;1436;4304;;;;;;;;;;;;
21/03/2020;3;Lombardia;4.546.679.409;9.190.347.404;8258;1093;9351;8019;17370;1950;5050;3095;25515;66730;;;;;;;;;;;;
21/03/2020;11;Marche;4.361.675.973;135.188.753;742;141;883;1114;1997;153;2;154;2153;5740;;;;;;;;;;;;
21/03/2020;14;Molise;4.155.774.754;1.465.916.051;21;6;27;20;47;8;7;7;61;449;;;;;;;;;;;;
21/03/2020;1;Piemonte;450.732.745;7.680.687.483;1976;301;2277;1229;3506;262;8;238;3752;10701;;;;;;;;;;;;
21/03/2020;16;Puglia;4.112.559.576;1.686.736.689;209;33;242;400;642;91;4;29;675;5617;;;;;;;;;;;;
21/03/2020;20;Sardegna;3.921.531.192;9.110.616.306;65;16;81;240;321;33;5;4;330;2297;;;;;;;;;;;;
21/03/2020;19;Sicilia;3.811.569.725;133.623.567;206;48;254;204;458;79;26;6;490;4883;;;;;;;;;;;;
21/03/2020;9;Toscana;4.376.923.077;1.125.588.885;664;202;866;1039;1905;192;35;72;2012;11909;;;;;;;;;;;;
21/03/2020;4;P.A. Trento;4.606.893.511;1.112.123.097;233;39;272;448;720;120;34;28;782;2656;;;;;;;;;;;;
21/03/2020;10;Umbria;4.310.675.841;1.238.824.698;92;29;121;326;447;63;5;10;462;2712;;;;;;;;;;;;
21/03/2020;2;Valle d'Aosta;4.573.750.286;7.320.149.366;62;15;77;227;304;47;1;8;313;884;;;;;;;;;;;;
21/03/2020;5;Veneto;4.543.490.485;1.233.845.213;942;249;1191;3023;4214;537;257;146;4617;53642;;;;;;;;;;;;
22/03/2020;13;Abruzzo;4.235.122.196;1.339.843.823;218;49;267;272;539;45;15;33;587;3375;;;;;;;;;;;;
22/03/2020;17;Basilicata;4.063.947.052;1.580.514.834;13;10;23;58;81;15;0;0;81;643;;;;;;;;;;;;
22/03/2020;4;P.A. Bolzano;4.649.933.453;1.135.662.422;146;32;178;470;648;48;7;23;678;5718;;;;;;;;;;;;
22/03/2020;18;Calabria;3.890.597.598;1.659.440.194;77;17;94;166;260;35;5;8;273;3666;;;;;;;;;;;;
22/03/2020;15;Campania;4.083.956.555;1.425.084.984;243;99;342;524;866;73;41;29;936;4943;;;;;;;;;;;;
22/03/2020;8;Emilia Romagna;4.449.436.681;113.417.208;2429;269;2698;3692;6390;729;349;816;7555;28022;;;;;;;;;;;;
22/03/2020;6;Friuli Venezia Giulia;456.494.354;1.376.813.649;163;47;210;528;738;72;89;47;874;6761;;;;;;;;;;;;
22/03/2020;12;Lazio;4.189.277.044;1.248.366.722;671;79;750;522;1272;186;58;53;1383;17845;;;;;;;;;;;;
22/03/2020;7;Liguria;4.441.149.315;89.326.992;736;132;868;483;1351;192;143;171;1665;4995;;;;;;;;;;;;
22/03/2020;3;Lombardia;4.546.679.409;9.190.347.404;9439;1142;10581;7304;17885;515;5865;3456;27206;70598;;;;;;;;;;;;
22/03/2020;11;Marche;4.361.675.973;135.188.753;816;138;954;1277;2231;234;6;184;2421;6391;;;;;;;;;;;;
22/03/2020;14;Molise;4.155.774.754;1.465.916.051;24;7;31;21;52;5;7;7;66;532;;;;;;;;;;;;
22/03/2020;1;Piemonte;450.732.745;7.680.687.483;2118;308;2426;1701;4127;621;10;283;4420;12701;;;;;;;;;;;;
22/03/2020;16;Puglia;4.112.559.576;1.686.736.689;252;37;289;459;748;106;7;31;786;6160;;;;;;;;;;;;
22/03/2020;20;Sardegna;3.921.531.192;9.110.616.306;67;16;83;244;327;6;5;7;339;2402;;;;;;;;;;;;
22/03/2020;19;Sicilia;3.811.569.725;133.623.567;220;55;275;321;596;138;26;8;630;5580;;;;;;;;;;;;
22/03/2020;9;Toscana;4.376.923.077;1.125.588.885;706;215;921;1223;2144;239;42;91;2277;13264;;;;;;;;;;;;
22/03/2020;4;P.A. Trento;4.606.893.511;1.112.123.097;235;46;281;604;885;165;34;35;954;3050;;;;;;;;;;;;
22/03/2020;10;Umbria;4.310.675.841;1.238.824.698;97;35;132;368;500;53;5;16;521;3135;;;;;;;;;;;;
22/03/2020;2;Valle d'Aosta;4.573.750.286;7.320.149.366;63;21;84;270;354;50;1;9;364;950;;;;;;;;;;;;
22/03/2020;5;Veneto;4.543.490.485;1.233.845.213;1113;255;1368;3276;4644;430;309;169;5122;57671;;;;;;;;;;;;
23/03/2020;13;Abruzzo;4.235.122.196;1.339.843.823;228;52;280;325;605;66;20;38;663;3674;;;;;;;;;;;;
23/03/2020;17;Basilicata;4.063.947.052;1.580.514.834;15;12;27;62;89;8;0;1;90;696;;;;;;;;;;;;
23/03/2020;4;P.A. Bolzano;4.649.933.453;1.135.662.422;145;33;178;510;688;40;7;29;724;6084;;;;;;;;;;;;
23/03/2020;18;Calabria;3.890.597.598;1.659.440.194;82;20;102;178;280;20;5;7;292;4073;;;;;;;;;;;;
23/03/2020;15;Campania;4.083.956.555;1.425.084.984;266;110;376;553;929;63;48;49;1026;5813;;;;;;;;;;;;
23/03/2020;8;Emilia Romagna;4.449.436.681;113.417.208;2846;276;3122;4098;7220;830;423;892;8535;31200;;;;;;;;;;;;
23/03/2020;6;Friuli Venezia Giulia;456.494.354;1.376.813.649;185;41;226;545;771;33;105;54;930;7424;;;;;;;;;;;;
23/03/2020;12;Lazio;4.189.277.044;1.248.366.722;718;96;814;600;1414;142;63;63;1540;18371;;;;;;;;;;;;
23/03/2020;7;Liguria;4.441.149.315;89.326.992;761;133;894;659;1553;202;159;212;1924;5538;;;;;;;;;;;;
23/03/2020;3;Lombardia;4.546.679.409;9.190.347.404;9266;1183;10449;8461;18910;1025;6075;3776;28761;73242;;;;;;;;;;;;
23/03/2020;11;Marche;4.361.675.973;135.188.753;882;148;1030;1328;2358;127;8;203;2569;6782;;;;;;;;;;;;
23/03/2020;14;Molise;4.155.774.754;1.465.916.051;25;7;32;18;50;-2;10;7;67;532;;;;;;;;;;;;
23/03/2020;1;Piemonte;450.732.745;7.680.687.483;2194;343;2537;1992;4529;402;17;315;4861;13560;;;;;;;;;;;;
23/03/2020;16;Puglia;4.112.559.576;1.686.736.689;285;45;330;532;862;114;7;37;906;6761;;;;;;;;;;;;
23/03/2020;20;Sardegna;3.921.531.192;9.110.616.306;76;18;94;249;343;16;5;11;359;2568;;;;;;;;;;;;
23/03/2020;19;Sicilia;3.811.569.725;133.623.567;250;60;310;371;681;85;27;13;721;6375;;;;;;;;;;;;
23/03/2020;9;Toscana;4.376.923.077;1.125.588.885;838;238;1076;1225;2301;157;51;109;2461;13851;;;;;;;;;;;;
23/03/2020;4;P.A. Trento;4.606.893.511;1.112.123.097;249;46;295;619;914;29;68;41;1023;3150;;;;;;;;;;;;
23/03/2020;10;Umbria;4.310.675.841;1.238.824.698;106;42;148;408;556;56;5;16;577;3561;;;;;;;;;;;;
23/03/2020;2;Valle d'Aosta;4.573.750.286;7.320.149.366;69;20;89;290;379;25;2;12;393;1098;;;;;;;;;;;;
23/03/2020;5;Veneto;4.543.490.485;1.233.845.213;1206;281;1487;3499;4986;342;327;192;5505;61115;;;;;;;;;;;;
24/03/2020;13;Abruzzo;4.235.122.196;1.339.843.823;234;57;291;331;622;17;21;46;689;4294;;;;;;;;;;;;
24/03/2020;17;Basilicata;4.063.947.052;1.580.514.834;14;12;26;65;91;2;0;1;92;744;;;;;;;;;;;;
24/03/2020;4;P.A. Bolzano;4.649.933.453;1.135.662.422;166;38;204;495;699;11;44;38;781;6509;;;;;;;;;;;;
24/03/2020;18;Calabria;3.890.597.598;1.659.440.194;88;21;109;195;304;24;5;10;319;4486;;;;;;;;;;;;
24/03/2020;15;Campania;4.083.956.555;1.425.084.984;345;181;526;466;992;63;53;56;1101;6297;;;;;;;;;;;;
24/03/2020;8;Emilia Romagna;4.449.436.681;113.417.208;2974;291;3265;4446;7711;491;558;985;9254;33527;;;;;;;;;;;;
24/03/2020;6;Friuli Venezia Giulia;456.494.354;1.376.813.649;195;49;244;604;848;77;80;64;992;8526;;;;;;;;;;;;
24/03/2020;12;Lazio;4.189.277.044;1.248.366.722;747;94;841;704;1545;131;103;80;1728;18371;;;;;;;;;;;;
24/03/2020;7;Liguria;4.441.149.315;89.326.992;803;147;950;742;1692;139;193;231;2116;5992;;;;;;;;;;;;
24/03/2020;3;Lombardia;4.546.679.409;9.190.347.404;9711;1194;10905;8963;19868;958;6657;4178;30703;76695;;;;;;;;;;;;
24/03/2020;11;Marche;4.361.675.973;135.188.753;862;149;1011;1486;2497;139;8;231;2736;7229;;;;;;;;;;;;
24/03/2020;14;Molise;4.155.774.754;1.465.916.051;27;7;34;21;55;5;10;8;73;572;;;;;;;;;;;;
24/03/2020;1;Piemonte;450.732.745;7.680.687.483;2404;360;2764;2360;5124;595;17;374;5515;15469;;;;;;;;;;;;
24/03/2020;16;Puglia;4.112.559.576;1.686.736.689;317;57;374;566;940;78;21;44;1005;7345;;;;;;;;;;;;
24/03/2020;20;Sardegna;3.921.531.192;9.110.616.306;80;19;99;296;395;52;11;15;421;2859;;;;;;;;;;;;
24/03/2020;19;Sicilia;3.811.569.725;133.623.567;250;60;310;489;799;118;27;20;846;7170;;;;;;;;;;;;
24/03/2020;9;Toscana;4.376.923.077;1.125.588.885;918;244;1162;1357;2519;218;51;129;2699;15701;;;;;;;;;;;;
24/03/2020;4;P.A. Trento;4.606.893.511;1.112.123.097;308;49;357;618;975;61;79;56;1110;3712;;;;;;;;;;;;
24/03/2020;10;Umbria;4.310.675.841;1.238.824.698;105;43;148;476;624;68;5;19;648;4108;;;;;;;;;;;;
24/03/2020;2;Valle d'Aosta;4.573.750.286;7.320.149.366;71;20;91;288;379;0;2;19;400;1180;;;;;;;;;;;;
24/03/2020;5;Veneto;4.543.490.485;1.233.845.213;1318;304;1622;3729;5351;365;381;216;5948;66178;;;;;;;;;;;;
25/03/2020;13;Abruzzo;4.235.122.196;1.339.843.823;248;59;307;431;738;116;23;52;813;4982;;;;;;;;;;;;
25/03/2020;17;Basilicata;4.063.947.052;1.580.514.834;20;14;34;78;112;21;0;1;113;857;;;;;;;;;;;;
25/03/2020;4;P.A. Bolzano;4.649.933.453;1.135.662.422;190;40;230;518;748;49;67;43;858;6649;;;;;;;;;;;;
25/03/2020;18;Calabria;3.890.597.598;1.659.440.194;93;23;116;217;333;29;7;11;351;5058;;;;;;;;;;;;
25/03/2020;15;Campania;4.083.956.555;1.425.084.984;318;123;441;631;1072;80;53;74;1199;6972;;;;;;;;;;;;
25/03/2020;8;Emilia Romagna;4.449.436.681;113.417.208;3180;294;3474;4782;8256;545;721;1077;10054;38045;;;;;;;;;;;;
25/03/2020;6;Friuli Venezia Giulia;456.494.354;1.376.813.649;200;52;252;659;911;63;158;70;1139;9494;;;;;;;;;;;;
25/03/2020;12;Lazio;4.189.277.044;1.248.366.722;805;101;906;769;1675;130;131;95;1901;20669;;;;;;;;;;;;
25/03/2020;7;Liguria;4.441.149.315;89.326.992;927;147;1074;752;1826;134;225;254;2305;6602;;;;;;;;;;;;
25/03/2020;3;Lombardia;4.546.679.409;9.190.347.404;10026;1236;11262;9329;20591;723;7281;4474;32346;81666;;;;;;;;;;;;
25/03/2020;11;Marche;4.361.675.973;135.188.753;938;148;1086;1553;2639;142;8;287;2934;7896;;;;;;;;;;;;
25/03/2020;14;Molise;4.155.774.754;1.465.916.051;26;7;33;20;53;-2;12;8;73;580;;;;;;;;;;;;
25/03/2020;1;Piemonte;450.732.745;7.680.687.483;2544;381;2925;2631;5556;432;19;449;6024;16655;;;;;;;;;;;;
25/03/2020;16;Puglia;4.112.559.576;1.686.736.689;349;64;413;610;1023;83;22;48;1093;8223;;;;;;;;;;;;
25/03/2020;20;Sardegna;3.921.531.192;9.110.616.306;82;19;101;311;412;17;12;18;442;3019;;;;;;;;;;;;
25/03/2020;19;Sicilia;3.811.569.725;133.623.567;259;80;339;597;936;137;33;25;994;8312;;;;;;;;;;;;
25/03/2020;9;Toscana;4.376.923.077;1.125.588.885;999;251;1250;1526;2776;257;54;142;2972;17868;;;;;;;;;;;;
25/03/2020;4;P.A. Trento;4.606.893.511;1.112.123.097;308;65;373;685;1058;83;90;74;1222;4114;;;;;;;;;;;;
25/03/2020;10;Umbria;4.310.675.841;1.238.824.698;123;44;167;519;686;62;5;19;710;4707;;;;;;;;;;;;
25/03/2020;2;Valle d'Aosta;4.573.750.286;7.320.149.366;70;25;95;280;375;-4;2;24;401;1200;;;;;;;;;;;;
25/03/2020;5;Veneto;4.543.490.485;1.233.845.213;1407;316;1723;4022;5745;394;439;258;6442;70877;;;;;;;;;;;;
26/03/2020;13;Abruzzo;4.235.122.196;1.339.843.823;280;64;344;516;860;122;23;63;946;5488;;;;;;;;;;;;
26/03/2020;17;Basilicata;4.063.947.052;1.580.514.834;22;16;38;95;133;21;0;1;134;1046;;;;;;;;;;;;
26/03/2020;4;P.A. Bolzano;4.649.933.453;1.135.662.422;223;43;266;525;791;43;67;48;906;7744;;;;;;;;;;;;
26/03/2020;18;Calabria;3.890.597.598;1.659.440.194;101;23;124;248;372;39;7;14;393;5933;;;;;;;;;;;;
26/03/2020;15;Campania;4.083.956.555;1.425.084.984;448;114;562;607;1169;97;58;83;1310;8346;;;;;;;;;;;;
26/03/2020;8;Emilia Romagna;4.449.436.681;113.417.208;3354;301;3655;5195;8850;594;792;1174;10816;42395;;;;;;;;;;;;
26/03/2020;6;Friuli Venezia Giulia;456.494.354;1.376.813.649;212;54;266;688;954;43;197;72;1223;10721;;;;;;;;;;;;
26/03/2020;12;Lazio;4.189.277.044;1.248.366.722;878;113;991;844;1835;160;155;106;2096;22771;;;;;;;;;;;;
26/03/2020;7;Liguria;4.441.149.315;89.326.992;998;154;1152;875;2027;201;260;280;2567;7304;;;;;;;;;;;;
26/03/2020;3;Lombardia;4.546.679.409;9.190.347.404;10681;1263;11944;10245;22189;1598;7839;4861;34889;87713;;;;;;;;;;;;
26/03/2020;11;Marche;4.361.675.973;135.188.753;977;166;1143;1652;2795;156;9;310;3114;8623;;;;;;;;;;;;
26/03/2020;14;Molise;4.155.774.754;1.465.916.051;27;8;35;46;81;28;14;8;103;670;;;;;;;;;;;;
26/03/2020;1;Piemonte;450.732.745;7.680.687.483;2633;408;3041;2909;5950;394;135;449;6534;18054;;;;;;;;;;;;
26/03/2020;16;Puglia;4.112.559.576;1.686.736.689;480;76;556;539;1095;72;22;65;1182;9191;;;;;;;;;;;;
26/03/2020;20;Sardegna;3.921.531.192;9.110.616.306;92;20;112;350;462;50;13;19;494;3461;;;;;;;;;;;;
26/03/2020;19;Sicilia;3.811.569.725;133.623.567;346;68;414;681;1095;159;36;33;1164;9658;;;;;;;;;;;;
26/03/2020;9;Toscana;4.376.923.077;1.125.588.885;1037;259;1296;1677;2973;197;95;158;3226;20952;;;;;;;;;;;;
26/03/2020;4;P.A. Trento;4.606.893.511;1.112.123.097;300;66;366;728;1094;36;117;86;1297;4600;;;;;;;;;;;;
26/03/2020;10;Umbria;4.310.675.841;1.238.824.698;144;46;190;580;770;84;12;20;802;5428;;;;;;;;;;;;
26/03/2020;2;Valle d'Aosta;4.573.750.286;7.320.149.366;73;24;97;281;378;3;2;28;408;1203;;;;;;;;;;;;
26/03/2020;5;Veneto;4.543.490.485;1.233.845.213;1447;326;1773;4367;6140;395;508;287;6935;79759;;;;;;;;;;;;
27/03/2020;13;Abruzzo;4.235.122.196;1.339.843.823;289;71;360;565;925;65;24;68;1017;6109;;;;;;;;;;;;
27/03/2020;17;Basilicata;4.063.947.052;1.580.514.834;22;15;37;110;147;14;1;3;151;1254;;;;;;;;;;;;
27/03/2020;4;P.A. Bolzano;4.649.933.453;1.135.662.422;249;45;294;539;833;42;110;60;1003;8520;;;;;;;;;;;;
27/03/2020;18;Calabria;3.890.597.598;1.659.440.194;103;22;125;344;469;97;7;18;494;6901;;;;;;;;;;;;
27/03/2020;15;Campania;4.083.956.555;1.425.084.984;456;113;569;723;1292;123;64;98;1454;9613;;;;;;;;;;;;
27/03/2020;8;Emilia Romagna;4.449.436.681;113.417.208;3461;308;3769;5592;9361;511;960;1267;11588;47798;;;;;;;;;;;;
27/03/2020;6;Friuli Venezia Giulia;456.494.354;1.376.813.649;222;57;279;748;1027;73;214;76;1317;11841;;;;;;;;;;;;
27/03/2020;12;Lazio;4.189.277.044;1.248.366.722;992;126;1118;895;2013;178;164;118;2295;24106;;;;;;;;;;;;
27/03/2020;7;Liguria;4.441.149.315;89.326.992;1023;157;1180;880;2060;33;305;331;2696;7804;;;;;;;;;;;;
27/03/2020;3;Lombardia;4.546.679.409;9.190.347.404;11137;1292;12429;11466;23895;1706;8001;5402;37298;95860;;;;;;;;;;;;
27/03/2020;11;Marche;4.361.675.973;135.188.753;979;162;1141;1709;2850;55;10;336;3196;9060;;;;;;;;;;;;
27/03/2020;14;Molise;4.155.774.754;1.465.916.051;26;9;35;51;86;5;14;9;109;710;;;;;;;;;;;;
27/03/2020;1;Piemonte;450.732.745;7.680.687.483;2852;431;3283;3064;6347;397;176;569;7092;19705;;;;;;;;;;;;
27/03/2020;16;Puglia;4.112.559.576;1.686.736.689;530;82;612;624;1236;141;29;69;1334;10233;;;;;;;;;;;;
27/03/2020;20;Sardegna;3.921.531.192;9.110.616.306;93;19;112;384;496;34;13;21;530;3801;;;;;;;;;;;;
27/03/2020;19;Sicilia;3.811.569.725;133.623.567;425;75;500;658;1158;63;53;39;1250;11079;;;;;;;;;;;;
27/03/2020;9;Toscana;4.376.923.077;1.125.588.885;1053;274;1327;1843;3170;197;103;177;3450;23746;;;;;;;;;;;;
27/03/2020;4;P.A. Trento;4.606.893.511;1.112.123.097;341;66;407;757;1164;70;125;102;1391;4923;;;;;;;;;;;;
27/03/2020;10;Umbria;4.310.675.841;1.238.824.698;149;46;195;629;824;54;39;21;884;6137;;;;;;;;;;;;
27/03/2020;2;Valle d'Aosta;4.573.750.286;7.320.149.366;91;24;115;298;413;35;2;37;452;1252;;;;;;;;;;;;
27/03/2020;5;Veneto;4.543.490.485;1.233.845.213;1536;338;1874;4774;6648;508;536;313;7497;83627;;;;;;;;;;;;
;;;;;;;;;;;;;;;;;;;;;;;;;;
